Es,CA,Ds,Ms,E1,C1,D1,M1,V1,E2,C2,SBET,PS,PV,Oα,Oβ,m,T(℃),t(min),CHg,GHSV,HCl,SO2,O2,H2O,NO,NH3,RHg
1.54,11.48,147,47.867,1.55,5.93,127 ,54.938 ,3.56 ,1.66,5.55 ,52.66 ,14.270 ,0.188 ,76.98,23.02,0.3,120,10,55,3820.8,0,0,0.06,0,0,0,98.15 
1.54,11.48,147,47.867,1.55,5.93,127 ,54.938 ,3.56 ,1.66,5.55 ,52.66 ,14.270 ,0.188 ,76.98,23.02,0.3,120,20,55,3820.8,0,0,0.06,0,0,0,98.56 
1.54,11.48,147,47.867,1.55,5.93,127 ,54.938 ,3.56 ,1.66,5.55 ,52.66 ,14.270 ,0.188 ,76.98,23.02,0.3,120,30,55,3820.8,0,0.0006,0.06,0,0,0,98.25 
1.54,11.48,147,47.867,1.55,5.93,127 ,54.938 ,3.56 ,1.66,5.55 ,52.66 ,14.270 ,0.188 ,76.98,23.02,0.3,120,40,55,3820.8,0,0.0006,0.06,0,0,0,98.35 
1.54,11.48,147,47.867,1.55,5.93,127 ,54.938 ,3.56 ,1.66,5.55 ,52.66 ,14.270 ,0.188 ,76.98,23.02,0.3,120,50,55,3820.8,0,0.0006,0.06,0,0,0,98.05 
1.54,11.48,147,47.867,1.55,5.93,127 ,54.938 ,3.56 ,1.66,5.55 ,52.66 ,14.270 ,0.188 ,76.98,23.02,0.3,120,60,55,3820.8,0,0.0006,0.06,0,0,0,97.22 
1.54,11.48,147,47.867,1.55,5.93,127 ,54.938 ,3.56 ,1.66,5.55 ,52.66 ,14.270 ,0.188 ,76.98,23.02,0.3,120,70,55,3820.8,0,0.0006,0.06,0,0,0,95.78 
1.54,11.48,147,47.867,1.55,5.93,127 ,54.938 ,3.56 ,1.66,5.55 ,52.66 ,14.270 ,0.188 ,76.98,23.02,0.3,120,80,55,3820.8,0,0.0006,0.06,0,0,0,95.16 
1.54,11.48,147,47.867,1.55,5.93,127 ,54.938 ,3.56 ,1.66,5.55 ,52.66 ,14.270 ,0.188 ,76.98,23.02,0.3,120,90,55,3820.8,0,0.0006,0.06,0,0,0,94.55 
1.54,11.48,147,47.867,1.55,5.93,127 ,54.938 ,3.56 ,1.66,5.55 ,52.66 ,14.270 ,0.188 ,76.98,23.02,0.3,120,100,55,3820.8,0,0.0006,0.06,0,0,0,95.37 
1.54,11.48,147,47.867,1.55,5.93,127 ,54.938 ,3.56 ,1.66,5.55 ,52.66 ,14.270 ,0.188 ,76.98,23.02,0.3,120,110,55,3820.8,0,0.0006,0.06,0,0,0,95.37 
1.54,11.48,147,47.867,1.55,5.93,127 ,54.938 ,3.56 ,1.66,5.55 ,52.66 ,14.270 ,0.188 ,76.98,23.02,0.3,120,120,55,3820.8,0,0.0006,0.06,0,0,0,95.27 
1.54,11.48,147,47.867,1.55,5.93,127 ,54.938 ,3.56 ,1.66,5.55 ,52.66 ,14.270 ,0.188 ,76.98,23.02,0.3,100,10,55,3820.8,0,0,0.06,0,0,0,97.31 
1.54,11.48,147,47.867,1.55,5.93,127 ,54.938 ,3.56 ,1.66,5.55 ,52.66 ,14.270 ,0.188 ,76.98,23.02,0.3,100,20,55,3820.8,0,0,0.06,0,0,0,97.74 
1.54,11.48,147,47.867,1.55,5.93,127 ,54.938 ,3.56 ,1.66,5.55 ,52.66 ,14.270 ,0.188 ,76.98,23.02,0.3,100,30,55,3820.8,0,0.0006,0.06,0,0,0,98.57 
1.54,11.48,147,47.867,1.55,5.93,127 ,54.938 ,3.56 ,1.66,5.55 ,52.66 ,14.270 ,0.188 ,76.98,23.02,0.3,100,40,55,3820.8,0,0.0006,0.06,0,0,0,98.06 
1.54,11.48,147,47.867,1.55,5.93,127 ,54.938 ,3.56 ,1.66,5.55 ,52.66 ,14.270 ,0.188 ,76.98,23.02,0.3,100,50,55,3820.8,0,0.0006,0.06,0,0,0,98.49 
1.54,11.48,147,47.867,1.55,5.93,127 ,54.938 ,3.56 ,1.66,5.55 ,52.66 ,14.270 ,0.188 ,76.98,23.02,0.3,100,60,55,3820.8,0,0.0006,0.06,0,0,0,98.18 
1.54,11.48,147,47.867,1.55,5.93,127 ,54.938 ,3.56 ,1.66,5.55 ,52.66 ,14.270 ,0.188 ,76.98,23.02,0.3,100,70,55,3820.8,0,0.0006,0.06,0,0,0,97.78 
1.54,11.48,147,47.867,1.55,5.93,127 ,54.938 ,3.56 ,1.66,5.55 ,52.66 ,14.270 ,0.188 ,76.98,23.02,0.3,100,80,55,3820.8,0,0.0006,0.06,0,0,0,97.37 
1.54,11.48,147,47.867,1.55,5.93,127 ,54.938 ,3.56 ,1.66,5.55 ,52.66 ,14.270 ,0.188 ,76.98,23.02,0.3,100,90,55,3820.8,0,0.0006,0.06,0,0,0,96.86 
1.54,11.48,147,47.867,1.55,5.93,127 ,54.938 ,3.56 ,1.66,5.55 ,52.66 ,14.270 ,0.188 ,76.98,23.02,0.3,100,100,55,3820.8,0,0.0006,0.06,0,0,0,95.94 
1.54,11.48,147,47.867,1.55,5.93,127 ,54.938 ,3.56 ,1.66,5.55 ,52.66 ,14.270 ,0.188 ,76.98,23.02,0.3,100,110,55,3820.8,0,0.0006,0.06,0,0,0,93.67 
1.54,11.48,147,47.867,1.55,5.93,127 ,54.938 ,3.56 ,1.66,5.55 ,52.66 ,14.270 ,0.188 ,76.98,23.02,0.3,100,120,55,3820.8,0,0.0006,0.06,0,0,0,92.43 
1.54,11.48,147,47.867,1.55,5.93,127 ,54.938 ,3.56 ,1.66,5.55 ,52.66 ,14.270 ,0.188 ,76.98,23.02,0.3,150,10,55,3820.8,0,0,0.06,0,0,0,98.45 
1.54,11.48,147,47.867,1.55,5.93,127 ,54.938 ,3.56 ,1.66,5.55 ,52.66 ,14.270 ,0.188 ,76.98,23.02,0.3,150,20,55,3820.8,0,0,0.06,0,0,0,98.98 
1.54,11.48,147,47.867,1.55,5.93,127 ,54.938 ,3.56 ,1.66,5.55 ,52.66 ,14.270 ,0.188 ,76.98,23.02,0.3,150,30,55,3820.8,0,0.0006,0.06,0,0,0,96.92 
1.54,11.48,147,47.867,1.55,5.93,127 ,54.938 ,3.56 ,1.66,5.55 ,52.66 ,14.270 ,0.188 ,76.98,23.02,0.3,150,40,55,3820.8,0,0.0006,0.06,0,0,0,94.75 
1.54,11.48,147,47.867,1.55,5.93,127 ,54.938 ,3.56 ,1.66,5.55 ,52.66 ,14.270 ,0.188 ,76.98,23.02,0.3,150,50,55,3820.8,0,0.0006,0.06,0,0,0,89.58 
1.54,11.48,147,47.867,1.55,5.93,127 ,54.938 ,3.56 ,1.66,5.55 ,52.66 ,14.270 ,0.188 ,76.98,23.02,0.3,150,60,55,3820.8,0,0.0006,0.06,0,0,0,84.19 
1.54,11.48,147,47.867,1.55,5.93,127 ,54.938 ,3.56 ,1.66,5.55 ,52.66 ,14.270 ,0.188 ,76.98,23.02,0.3,150,70,55,3820.8,0,0.0006,0.06,0,0,0,78.81 
1.54,11.48,147,47.867,1.55,5.93,127 ,54.938 ,3.56 ,1.66,5.55 ,52.66 ,14.270 ,0.188 ,76.98,23.02,0.3,150,80,55,3820.8,0,0.0006,0.06,0,0,0,73.64 
1.54,11.48,147,47.867,1.55,5.93,127 ,54.938 ,3.56 ,1.66,5.55 ,52.66 ,14.270 ,0.188 ,76.98,23.02,0.3,150,90,55,3820.8,0,0.0006,0.06,0,0,0,67.64 
1.54,11.48,147,47.867,1.55,5.93,127 ,54.938 ,3.56 ,1.66,5.55 ,52.66 ,14.270 ,0.188 ,76.98,23.02,0.3,150,100,55,3820.8,0,0.0006,0.06,0,0,0,60.70 
1.54,11.48,147,47.867,1.55,5.93,127 ,54.938 ,3.56 ,1.66,5.55 ,52.66 ,14.270 ,0.188 ,76.98,23.02,0.3,150,110,55,3820.8,0,0.0006,0.06,0,0,0,55.53 
1.54,11.48,147,47.867,1.55,5.93,127 ,54.938 ,3.56 ,1.66,5.55 ,52.66 ,14.270 ,0.188 ,76.98,23.02,0.3,150,120,55,3820.8,0,0.0006,0.06,0,0,0,51.91 
1.54,5.64,147,47.867,1.55,5.64,127 ,54.938 ,3.43 ,0,0.00 ,74.80 ,16.630 ,0.311 ,83.57,16.43,0.3,120,10,55,3820.8,0,0,0.06,0,0,0,84.68 
1.54,5.64,147,47.867,1.55,5.64,127 ,54.938 ,3.43 ,0,0.00 ,74.80 ,16.630 ,0.311 ,83.57,16.43,0.3,120,20,55,3820.8,0,0,0.06,0,0,0,81.70 
1.54,5.64,147,47.867,1.55,5.64,127 ,54.938 ,3.43 ,0,0.00 ,74.80 ,16.630 ,0.311 ,83.57,16.43,0.3,120,30,55,3820.8,0,0.0006,0.06,0,0,0,87.68 
1.54,5.64,147,47.867,1.55,5.64,127 ,54.938 ,3.43 ,0,0.00 ,74.80 ,16.630 ,0.311 ,83.57,16.43,0.3,120,40,55,3820.8,0,0.0006,0.06,0,0,0,94.89 
1.54,5.64,147,47.867,1.55,5.64,127 ,54.938 ,3.43 ,0,0.00 ,74.80 ,16.630 ,0.311 ,83.57,16.43,0.3,120,50,55,3820.8,0,0.0006,0.06,0,0,0,96.13 
1.54,5.64,147,47.867,1.55,5.64,127 ,54.938 ,3.43 ,0,0.00 ,74.80 ,16.630 ,0.311 ,83.57,16.43,0.3,120,60,55,3820.8,0,0.0006,0.06,0,0,0,95.83 
1.54,5.64,147,47.867,1.55,5.64,127 ,54.938 ,3.43 ,0,0.00 ,74.80 ,16.630 ,0.311 ,83.57,16.43,0.3,120,70,55,3820.8,0,0.0006,0.06,0,0,0,89.67 
1.54,5.64,147,47.867,1.55,5.64,127 ,54.938 ,3.43 ,0,0.00 ,74.80 ,16.630 ,0.311 ,83.57,16.43,0.3,120,80,55,3820.8,0,0.0006,0.06,0,0,0,83.50 
1.54,5.64,147,47.867,1.55,5.64,127 ,54.938 ,3.43 ,0,0.00 ,74.80 ,16.630 ,0.311 ,83.57,16.43,0.3,120,90,55,3820.8,0,0.0006,0.06,0,0,0,77.24 
1.54,5.64,147,47.867,1.55,5.64,127 ,54.938 ,3.43 ,0,0.00 ,74.80 ,16.630 ,0.311 ,83.57,16.43,0.3,120,100,55,3820.8,0,0.0006,0.06,0,0,0,67.47 
1.54,5.64,147,47.867,1.55,5.64,127 ,54.938 ,3.43 ,0,0.00 ,74.80 ,16.630 ,0.311 ,83.57,16.43,0.3,120,110,55,3820.8,0,0.0006,0.06,0,0,0,61.82 
1.54,5.64,147,47.867,1.55,5.64,127 ,54.938 ,3.43 ,0,0.00 ,74.80 ,16.630 ,0.311 ,83.57,16.43,0.3,120,120,55,3820.8,0,0.0006,0.06,0,0,0,55.04 
1.54,6.85,147,47.867,1.66,6.85,128 ,51.996 ,4.06 ,0,0.00 ,69.14 ,11.000 ,0.190 ,76.63,23.37,0.3,120,10,55,3820.8,0,0,0.06,0,0,0,98.47 
1.54,6.85,147,47.867,1.66,6.85,128 ,51.996 ,4.06 ,0,0.00 ,69.14 ,11.000 ,0.190 ,76.63,23.37,0.3,120,20,55,3820.8,0,0,0.06,0,0,0,98.47 
1.54,6.85,147,47.867,1.66,6.85,128 ,51.996 ,4.06 ,0,0.00 ,69.14 ,11.000 ,0.190 ,76.63,23.37,0.3,120,30,55,3820.8,0,0.0006,0.06,0,0,0,98.38 
1.54,6.85,147,47.867,1.66,6.85,128 ,51.996 ,4.06 ,0,0.00 ,69.14 ,11.000 ,0.190 ,76.63,23.37,0.3,120,40,55,3820.8,0,0.0006,0.06,0,0,0,97.46 
1.54,6.85,147,47.867,1.66,6.85,128 ,51.996 ,4.06 ,0,0.00 ,69.14 ,11.000 ,0.190 ,76.63,23.37,0.3,120,50,55,3820.8,0,0.0006,0.06,0,0,0,96.24 
1.54,6.85,147,47.867,1.66,6.85,128 ,51.996 ,4.06 ,0,0.00 ,69.14 ,11.000 ,0.190 ,76.63,23.37,0.3,120,60,55,3820.8,0,0.0006,0.06,0,0,0,95.63 
1.54,6.85,147,47.867,1.66,6.85,128 ,51.996 ,4.06 ,0,0.00 ,69.14 ,11.000 ,0.190 ,76.63,23.37,0.3,120,70,55,3820.8,0,0.0006,0.06,0,0,0,94.40 
1.54,6.85,147,47.867,1.66,6.85,128 ,51.996 ,4.06 ,0,0.00 ,69.14 ,11.000 ,0.190 ,76.63,23.37,0.3,120,80,55,3820.8,0,0.0006,0.06,0,0,0,92.15 
1.54,6.85,147,47.867,1.66,6.85,128 ,51.996 ,4.06 ,0,0.00 ,69.14 ,11.000 ,0.190 ,76.63,23.37,0.3,120,90,55,3820.8,0,0.0006,0.06,0,0,0,90.61 
1.54,6.85,147,47.867,1.66,6.85,128 ,51.996 ,4.06 ,0,0.00 ,69.14 ,11.000 ,0.190 ,76.63,23.37,0.3,120,100,55,3820.8,0,0.0006,0.06,0,0,0,89.08 
1.54,6.85,147,47.867,1.66,6.85,128 ,51.996 ,4.06 ,0,0.00 ,69.14 ,11.000 ,0.190 ,76.63,23.37,0.3,120,110,55,3820.8,0,0.0006,0.06,0,0,0,87.75 
1.54,6.85,147,47.867,1.66,6.85,128 ,51.996 ,4.06 ,0,0.00 ,69.14 ,11.000 ,0.190 ,76.63,23.37,0.3,120,120,55,3820.8,0,0.0006,0.06,0,0,0,86.93 
1.54,43.32,147,47.867,1.12,19.24,185 ,138.905 ,3.74 ,1.55,7.08 ,91.74 ,7.230 ,0.265 ,85.57,14.43,0.5,250,25,30,30000,0,0,0.06,0.03,0.0005,0,86.11 
1.54,43.32,147,47.867,1.12,19.24,185 ,138.905 ,3.74 ,1.55,7.08 ,91.74 ,7.230 ,0.265 ,85.57,14.43,0.5,250,50,30,30000,0,0,0.06,0.03,0.0005,0,85.60 
1.54,43.32,147,47.867,1.12,19.24,185 ,138.905 ,3.74 ,1.55,7.08 ,91.74 ,7.230 ,0.265 ,85.57,14.43,0.5,250,75,30,30000,0,0.0004,0.06,0.03,0.0005,0,78.40 
1.54,43.32,147,47.867,1.12,19.24,185 ,138.905 ,3.74 ,1.55,7.08 ,91.74 ,7.230 ,0.265 ,85.57,14.43,0.5,250,100,30,30000,0,0.0004,0.06,0.03,0.0005,0,77.06 
1.54,43.32,147,47.867,1.12,19.24,185 ,138.905 ,3.74 ,1.55,7.08 ,91.74 ,7.230 ,0.265 ,85.57,14.43,0.5,250,125,30,30000,0,0.0004,0.06,0.03,0.0005,0,77.06 
1.54,43.32,147,47.867,1.12,19.24,185 ,138.905 ,3.74 ,1.55,7.08 ,91.74 ,7.230 ,0.265 ,85.57,14.43,0.5,250,150,30,30000,0,0.0004,0.06,0.03,0.0005,0,76.13 
1.54,43.32,147,47.867,1.12,19.24,185 ,138.905 ,3.74 ,1.55,7.08 ,91.74 ,7.230 ,0.265 ,85.57,14.43,0.5,250,175,30,30000,0,0.0004,0.06,0.03,0.0005,0,76.13 
1.54,43.32,147,47.867,1.12,19.24,185 ,138.905 ,3.74 ,1.55,7.08 ,91.74 ,7.230 ,0.265 ,85.57,14.43,0.5,250,200,30,30000,0,0.0004,0.06,0.03,0.0005,0,76.34 
1.54,43.32,147,47.867,1.12,19.24,185 ,138.905 ,3.74 ,1.55,7.08 ,91.74 ,7.230 ,0.265 ,85.57,14.43,0.5,250,225,30,30000,0,0.0004,0.06,0.03,0.0005,0,76.03 
1.54,43.32,147,47.867,1.12,19.24,185 ,138.905 ,3.74 ,1.55,7.08 ,91.74 ,7.230 ,0.265 ,85.57,14.43,0.5,250,250,30,30000,0,0.0004,0.06,0.03,0.0005,0,76.13 
1.54,43.32,147,47.867,1.12,19.24,185 ,138.905 ,3.74 ,1.55,7.08 ,91.74 ,7.230 ,0.265 ,85.57,14.43,0.5,250,275,30,30000,0,0.0004,0.06,0.03,0.0005,0,76.34 
1.54,43.32,147,47.867,1.12,19.24,185 ,138.905 ,3.74 ,1.55,7.08 ,91.74 ,7.230 ,0.265 ,85.57,14.43,0.5,250,300,30,30000,0,0.0004,0.06,0.03,0.0005,0,76.44 
1.54,43.32,147,47.867,1.12,19.24,185 ,138.905 ,3.74 ,1.55,7.08 ,91.74 ,7.230 ,0.265 ,85.57,14.43,0.5,250,325,30,30000,0,0,0.06,0.03,0.0005,0,77.06 
1.54,43.32,147,47.867,1.12,19.24,185 ,138.905 ,3.74 ,1.55,7.08 ,91.74 ,7.230 ,0.265 ,85.57,14.43,0.5,250,350,30,30000,0,0,0.06,0.03,0.0005,0,78.09 
1.54,43.32,147,47.867,1.12,19.24,185 ,138.905 ,3.74 ,1.55,7.08 ,91.74 ,7.230 ,0.265 ,85.57,14.43,0.5,250,375,30,30000,0,0,0.06,0.03,0.0005,0,79.12 
1.54,43.32,147,47.867,1.12,19.24,185 ,138.905 ,3.74 ,1.55,7.08 ,91.74 ,7.230 ,0.265 ,85.57,14.43,0.5,250,400,30,30000,0,0,0.06,0.03,0.0005,0,82.20 
1.54,43.32,147,47.867,1.12,19.24,185 ,138.905 ,3.74 ,1.55,7.08 ,91.74 ,7.230 ,0.265 ,85.57,14.43,0.5,250,425,30,30000,0,0,0.06,0.03,0.0005,0,83.23 
1.54,43.32,147,47.867,1.12,19.24,185 ,138.905 ,3.74 ,1.55,7.08 ,91.74 ,7.230 ,0.265 ,85.57,14.43,0.5,250,450,30,30000,0,0,0.06,0.03,0.0005,0,83.33 
1.54,43.32,147,47.867,1.12,19.24,185 ,138.905 ,3.74 ,1.55,7.08 ,91.74 ,7.230 ,0.265 ,85.57,14.43,0.5,250,475,30,30000,0,0,0.06,0.03,0.0005,0,82.92 
1.54,43.32,147,47.867,1.12,19.24,185 ,138.905 ,3.74 ,1.55,7.08 ,91.74 ,7.230 ,0.265 ,85.57,14.43,0.5,250,500,30,30000,0,0,0.06,0.03,0.0005,0,83.33 
1.54,43.32,147,47.867,1.12,19.24,185 ,138.905 ,3.74 ,1.55,7.08 ,91.74 ,7.230 ,0.265 ,85.57,14.43,0.5,250,25,30,30000,0,0,0.06,0,0.0005,0,85.29 
1.54,43.32,147,47.867,1.12,19.24,185 ,138.905 ,3.74 ,1.55,7.08 ,91.74 ,7.230 ,0.265 ,85.57,14.43,0.5,250,50,30,30000,0,0,0.06,0,0.0005,0,86.01 
1.54,43.32,147,47.867,1.12,19.24,185 ,138.905 ,3.74 ,1.55,7.08 ,91.74 ,7.230 ,0.265 ,85.57,14.43,0.5,250,75,30,30000,0,0.0004,0.06,0,0.0005,0,80.35 
1.54,43.32,147,47.867,1.12,19.24,185 ,138.905 ,3.74 ,1.55,7.08 ,91.74 ,7.230 ,0.265 ,85.57,14.43,0.5,250,100,30,30000,0,0.0004,0.06,0,0.0005,0,79.12 
1.54,43.32,147,47.867,1.12,19.24,185 ,138.905 ,3.74 ,1.55,7.08 ,91.74 ,7.230 ,0.265 ,85.57,14.43,0.5,250,125,30,30000,0,0.0004,0.06,0,0.0005,0,81.48 
1.54,43.32,147,47.867,1.12,19.24,185 ,138.905 ,3.74 ,1.55,7.08 ,91.74 ,7.230 ,0.265 ,85.57,14.43,0.5,250,150,30,30000,0,0.0004,0.06,0,0.0005,0,82.30 
1.54,43.32,147,47.867,1.12,19.24,185 ,138.905 ,3.74 ,1.55,7.08 ,91.74 ,7.230 ,0.265 ,85.57,14.43,0.5,250,175,30,30000,0,0.0004,0.06,0,0.0005,0,83.54 
1.54,43.32,147,47.867,1.12,19.24,185 ,138.905 ,3.74 ,1.55,7.08 ,91.74 ,7.230 ,0.265 ,85.57,14.43,0.5,250,200,30,30000,0,0.0004,0.06,0,0.0005,0,84.57 
1.54,43.32,147,47.867,1.12,19.24,185 ,138.905 ,3.74 ,1.55,7.08 ,91.74 ,7.230 ,0.265 ,85.57,14.43,0.5,250,225,30,30000,0,0.0004,0.06,0,0.0005,0,85.29 
1.54,43.32,147,47.867,1.12,19.24,185 ,138.905 ,3.74 ,1.55,7.08 ,91.74 ,7.230 ,0.265 ,85.57,14.43,0.5,250,250,30,30000,0,0.0004,0.06,0,0.0005,0,85.60 
1.54,43.32,147,47.867,1.12,19.24,185 ,138.905 ,3.74 ,1.55,7.08 ,91.74 ,7.230 ,0.265 ,85.57,14.43,0.5,250,275,30,30000,0,0.0004,0.06,0,0.0005,0,85.39 
1.54,43.32,147,47.867,1.12,19.24,185 ,138.905 ,3.74 ,1.55,7.08 ,91.74 ,7.230 ,0.265 ,85.57,14.43,0.5,250,300,30,30000,0,0.0004,0.06,0,0.0005,0,85.91 
1.54,43.32,147,47.867,1.12,19.24,185 ,138.905 ,3.74 ,1.55,7.08 ,91.74 ,7.230 ,0.265 ,85.57,14.43,0.5,250,325,30,30000,0,0,0.06,0,0.0005,0,86.01 
1.54,43.32,147,47.867,1.12,19.24,185 ,138.905 ,3.74 ,1.55,7.08 ,91.74 ,7.230 ,0.265 ,85.57,14.43,0.5,250,350,30,30000,0,0,0.06,0,0.0005,0,86.11 
1.54,43.32,147,47.867,1.12,19.24,185 ,138.905 ,3.74 ,1.55,7.08 ,91.74 ,7.230 ,0.265 ,85.57,14.43,0.5,250,375,30,30000,0,0,0.06,0,0.0005,0,86.63 
1.54,43.32,147,47.867,1.12,19.24,185 ,138.905 ,3.74 ,1.55,7.08 ,91.74 ,7.230 ,0.265 ,85.57,14.43,0.5,250,400,30,30000,0,0,0.06,0,0.0005,0,86.42 
1.54,43.32,147,47.867,1.12,19.24,185 ,138.905 ,3.74 ,1.55,7.08 ,91.74 ,7.230 ,0.265 ,85.57,14.43,0.5,250,425,30,30000,0,0,0.06,0,0.0005,0,86.32 
1.54,43.32,147,47.867,1.12,19.24,185 ,138.905 ,3.74 ,1.55,7.08 ,91.74 ,7.230 ,0.265 ,85.57,14.43,0.5,250,450,30,30000,0,0,0.06,0,0.0005,0,86.01 
1.54,43.32,147,47.867,1.12,19.24,185 ,138.905 ,3.74 ,1.55,7.08 ,91.74 ,7.230 ,0.265 ,85.57,14.43,0.5,250,475,30,30000,0,0,0.06,0,0.0005,0,85.29 
1.54,43.32,147,47.867,1.12,19.24,185 ,138.905 ,3.74 ,1.55,7.08 ,91.74 ,7.230 ,0.265 ,85.57,14.43,0.5,250,500,30,30000,0,0,0.06,0,0.0005,0,85.49 
1.54,18.53,147,47.867,1.55,10.59,127 ,54.938 ,3.00 ,1.88,7.94 ,171.90 ,6.165 ,0.265 ,74.85,25.15,0.2,210,20,115,300000,0,0,0.05,0,0,0,100
1.54,18.53,147,47.867,1.55,10.59,127 ,54.938 ,3.00 ,1.88,7.94 ,171.90 ,6.165 ,0.265 ,74.85,25.15,0.2,210,30,115,300000,0,0,0.05,0,0,0,100
1.54,18.53,147,47.867,1.55,10.59,127 ,54.938 ,3.00 ,1.88,7.94 ,171.90 ,6.165 ,0.265 ,74.85,25.15,0.2,210,40,115,300000,0,0,0.05,0,0,0,100
1.54,18.53,147,47.867,1.55,10.59,127 ,54.938 ,3.00 ,1.88,7.94 ,171.90 ,6.165 ,0.265 ,74.85,25.15,0.2,210,46,115,300000,0,0,0.05,0,0,0,100
1.54,18.53,147,47.867,1.55,10.59,127 ,54.938 ,3.00 ,1.88,7.94 ,171.90 ,6.165 ,0.265 ,74.85,25.15,0.2,210,47,115,300000,0,0,0.05,0,0,0.0005,95.64
1.54,18.53,147,47.867,1.55,10.59,127 ,54.938 ,3.00 ,1.88,7.94 ,171.90 ,6.165 ,0.265 ,74.85,25.15,0.2,210,60,115,300000,0,0,0.05,0,0,0.0005,96.33
1.54,18.53,147,47.867,1.55,10.59,127 ,54.938 ,3.00 ,1.88,7.94 ,171.90 ,6.165 ,0.265 ,74.85,25.15,0.2,210,70,115,300000,0,0,0.05,0,0,0.0005,95.92
1.54,18.53,147,47.867,1.55,10.59,127 ,54.938 ,3.00 ,1.88,7.94 ,171.90 ,6.165 ,0.265 ,74.85,25.15,0.2,210,77,115,300000,0,0,0.05,0,0,0.0005,95.78
1.54,18.53,147,47.867,1.55,10.59,127 ,54.938 ,3.00 ,1.88,7.94 ,171.90 ,6.165 ,0.265 ,74.85,25.15,0.2,210,90,115,300000,0,0,0.05,0,0.0005,0.0005,89.39
1.54,18.53,147,47.867,1.55,10.59,127 ,54.938 ,3.00 ,1.88,7.94 ,171.90 ,6.165 ,0.265 ,74.85,25.15,0.2,210,100,115,300000,0,0,0.05,0,0.0005,0.0005,87.62
1.54,18.53,147,47.867,1.55,10.59,127 ,54.938 ,3.00 ,1.88,7.94 ,171.90 ,6.165 ,0.265 ,74.85,25.15,0.2,210,103,115,300000,0,0,0.05,0,0,0.0005,93.06
1.54,18.53,147,47.867,1.55,10.59,127 ,54.938 ,3.00 ,1.88,7.94 ,171.90 ,6.165 ,0.265 ,74.85,25.15,0.2,210,110,115,300000,0,0,0.05,0,0,0.0005,92.65
1.54,18.53,147,47.867,1.55,10.59,127 ,54.938 ,3.00 ,1.88,7.94 ,171.90 ,6.165 ,0.265 ,74.85,25.15,0.2,210,120,115,300000,0,0,0.05,0,0,0.0005,92.38
1.54,18.53,147,47.867,1.55,10.59,127 ,54.938 ,3.00 ,1.88,7.94 ,171.90 ,6.165 ,0.265 ,74.85,25.15,0.2,210,40,115,300000,0,0,0,0,0,0.0005,7.95 
1.54,18.53,147,47.867,1.55,10.59,127 ,54.938 ,3.00 ,1.88,7.94 ,171.90 ,6.165 ,0.265 ,74.85,25.15,0.2,210,50,115,300000,0,0,0,0,0,0.0005,25.58 
1.54,18.53,147,47.867,1.55,10.59,127 ,54.938 ,3.00 ,1.88,7.94 ,171.90 ,6.165 ,0.265 ,74.85,25.15,0.2,210,60,115,300000,0,0,0,0,0,0.0005,40.42 
1.54,18.53,147,47.867,1.55,10.59,127 ,54.938 ,3.00 ,1.88,7.94 ,171.90 ,6.165 ,0.265 ,74.85,25.15,0.2,210,70,115,300000,0,0,0,0,0,0.0005,50.50 
1.54,18.53,147,47.867,1.55,10.59,127 ,54.938 ,3.00 ,1.88,7.94 ,171.90 ,6.165 ,0.265 ,74.85,25.15,0.2,210,80,115,300000,0,0,0,0,0,0.0005,55.67 
1.54,18.53,147,47.867,1.55,10.59,127 ,54.938 ,3.00 ,1.88,7.94 ,171.90 ,6.165 ,0.265 ,74.85,25.15,0.2,210,90,115,300000,0,0,0,0,0,0.0005,59.78 
1.54,18.53,147,47.867,1.55,10.59,127 ,54.938 ,3.00 ,1.88,7.94 ,171.90 ,6.165 ,0.265 ,74.85,25.15,0.2,210,100,115,300000,0,0,0,0,0,0.0005,62.70 
1.54,18.53,147,47.867,1.55,10.59,127 ,54.938 ,3.00 ,1.88,7.94 ,171.90 ,6.165 ,0.265 ,74.85,25.15,0.2,210,110,115,300000,0,0,0,0,0,0.0005,65.62 
1.54,18.53,147,47.867,1.55,10.59,127 ,54.938 ,3.00 ,1.88,7.94 ,171.90 ,6.165 ,0.265 ,74.85,25.15,0.2,210,120,115,300000,0,0,0,0,0,0.0005,67.75 
1.54,18.53,147,47.867,1.55,10.59,127 ,54.938 ,3.00 ,1.88,7.94 ,171.90 ,6.165 ,0.265 ,74.85,25.15,0.2,210,130,115,300000,0,0,0,0,0,0.0005,69.61 
1.54,18.53,147,47.867,1.55,10.59,127 ,54.938 ,3.00 ,1.88,7.94 ,171.90 ,6.165 ,0.265 ,74.85,25.15,0.2,210,140,115,300000,0,0,0,0,0,0.0005,71.33 
1.54,18.53,147,47.867,1.55,10.59,127 ,54.938 ,3.00 ,1.88,7.94 ,171.90 ,6.165 ,0.265 ,74.85,25.15,0.2,210,150,115,300000,0,0,0,0,0,0.0005,72.80 
1.54,18.53,147,47.867,1.55,10.59,127 ,54.938 ,3.00 ,1.88,7.94 ,171.90 ,6.165 ,0.265 ,74.85,25.15,0.2,210,160,115,300000,0,0,0,0,0,0.0005,74.13 
1.54,18.53,147,47.867,1.55,10.59,127 ,54.938 ,3.00 ,1.88,7.94 ,171.90 ,6.165 ,0.265 ,74.85,25.15,0.2,210,170,115,300000,0,0,0,0,0,0.0005,75.32 
1.54,18.53,147,47.867,1.55,10.59,127 ,54.938 ,3.00 ,1.88,7.94 ,171.90 ,6.165 ,0.265 ,74.85,25.15,0.2,210,180,115,300000,0,0,0,0,0,0.0005,76.92 
1.54,18.53,147,47.867,1.55,10.59,127 ,54.938 ,3.00 ,1.88,7.94 ,171.90 ,6.165 ,0.265 ,74.85,25.15,0.2,210,190,115,300000,0,0,0,0,0,0.0005,77.99 
1.54,18.53,147,47.867,1.55,10.59,127 ,54.938 ,3.00 ,1.88,7.94 ,171.90 ,6.165 ,0.265 ,74.85,25.15,0.2,210,200,115,300000,0,0,0,0,0,0.0005,78.92 
1.54,18.53,147,47.867,1.55,10.59,127 ,54.938 ,3.00 ,1.88,7.94 ,171.90 ,6.165 ,0.265 ,74.85,25.15,0.2,210,210,115,300000,0,0,0,0,0,0.0005,79.85 
1.54,18.53,147,47.867,1.55,10.59,127 ,54.938 ,3.00 ,1.88,7.94 ,171.90 ,6.165 ,0.265 ,74.85,25.15,0.2,210,220,115,300000,0,0,0,0,0,0.0005,80.65 
1.54,18.53,147,47.867,1.55,10.59,127 ,54.938 ,3.00 ,1.88,7.94 ,171.90 ,6.165 ,0.265 ,74.85,25.15,0.2,210,230,115,300000,0,0,0,0,0,0.0005,81.32 
1.54,18.53,147,47.867,1.55,10.59,127 ,54.938 ,3.00 ,1.88,7.94 ,171.90 ,6.165 ,0.265 ,74.85,25.15,0.2,210,240,115,300000,0,0,0,0,0,0.0005,82.52 
1.54,18.53,147,47.867,1.55,10.59,127 ,54.938 ,3.00 ,1.88,7.94 ,171.90 ,6.165 ,0.265 ,74.85,25.15,0.2,180,10,115,60000,0,0,0.05,0,0.0005,0.0005,100.00 
1.54,18.53,147,47.867,1.55,10.59,127 ,54.938 ,3.00 ,1.88,7.94 ,171.90 ,6.165 ,0.265 ,74.85,25.15,0.2,180,20,115,60000,0,0,0.05,0,0.0005,0.0005,100.00 
1.54,18.53,147,47.867,1.55,10.59,127 ,54.938 ,3.00 ,1.88,7.94 ,171.90 ,6.165 ,0.265 ,74.85,25.15,0.2,180,30,115,60000,0,0,0.05,0,0.0005,0.0005,100.00 
1.54,18.53,147,47.867,1.55,10.59,127 ,54.938 ,3.00 ,1.88,7.94 ,171.90 ,6.165 ,0.265 ,74.85,25.15,0.2,180,40,115,60000,0,0,0.05,0.05,0.0005,0.0005,100.00 
1.54,18.53,147,47.867,1.55,10.59,127 ,54.938 ,3.00 ,1.88,7.94 ,171.90 ,6.165 ,0.265 ,74.85,25.15,0.2,180,50,115,60000,0,0,0.05,0.05,0.0005,0.0005,99.78 
1.54,18.53,147,47.867,1.55,10.59,127 ,54.938 ,3.00 ,1.88,7.94 ,171.90 ,6.165 ,0.265 ,74.85,25.15,0.2,180,60,115,60000,0,0,0.05,0.05,0.0005,0.0005,99.23 
1.54,18.53,147,47.867,1.55,10.59,127 ,54.938 ,3.00 ,1.88,7.94 ,171.90 ,6.165 ,0.265 ,74.85,25.15,0.2,180,70,115,60000,0,0,0.05,0.05,0.0005,0.0005,99.02 
1.54,18.53,147,47.867,1.55,10.59,127 ,54.938 ,3.00 ,1.88,7.94 ,171.90 ,6.165 ,0.265 ,74.85,25.15,0.2,180,80,115,60000,0,0,0.05,0.05,0.0005,0.0005,98.80 
1.54,18.53,147,47.867,1.55,10.59,127 ,54.938 ,3.00 ,1.88,7.94 ,171.90 ,6.165 ,0.265 ,74.85,25.15,0.2,180,90,115,60000,0,0,0.05,0.05,0.0005,0.0005,98.58 
1.54,18.53,147,47.867,1.55,10.59,127 ,54.938 ,3.00 ,1.88,7.94 ,171.90 ,6.165 ,0.265 ,74.85,25.15,0.2,180,100,115,60000,0,0,0.05,0.05,0.0005,0.0005,98.58 
1.54,18.53,147,47.867,1.55,10.59,127 ,54.938 ,3.00 ,1.88,7.94 ,171.90 ,6.165 ,0.265 ,74.85,25.15,0.2,180,110,115,60000,0,0,0.05,0.05,0.0005,0.0005,98.58 
1.54,18.53,147,47.867,1.55,10.59,127 ,54.938 ,3.00 ,1.88,7.94 ,171.90 ,6.165 ,0.265 ,74.85,25.15,0.2,180,120,115,60000,0,0,0.05,0.05,0.0005,0.0005,98.58 
1.54,18.53,147,47.867,1.55,10.59,127 ,54.938 ,3.00 ,1.88,7.94 ,171.90 ,6.165 ,0.265 ,74.85,25.15,0.2,180,130,115,60000,0,0,0.05,0.05,0.0005,0.0005,98.58 
1.54,18.53,147,47.867,1.55,10.59,127 ,54.938 ,3.00 ,1.88,7.94 ,171.90 ,6.165 ,0.265 ,74.85,25.15,0.2,180,140,115,60000,0,0,0.05,0.05,0.0005,0.0005,98.58 
1.54,18.53,147,47.867,1.55,10.59,127 ,54.938 ,3.00 ,1.88,7.94 ,171.90 ,6.165 ,0.265 ,74.85,25.15,0.2,180,150,115,60000,0,0,0.05,0.05,0.0005,0.0005,98.69 
1.54,18.53,147,47.867,1.55,10.59,127 ,54.938 ,3.00 ,1.88,7.94 ,171.90 ,6.165 ,0.265 ,74.85,25.15,0.2,180,160,115,60000,0,0,0.05,0.05,0.0005,0.0005,98.69 
1.54,18.53,147,47.867,1.55,10.59,127 ,54.938 ,3.00 ,1.88,7.94 ,171.90 ,6.165 ,0.265 ,74.85,25.15,0.2,180,170,115,60000,0,0,0.05,0.05,0.0005,0.0005,98.58 
1.54,18.53,147,47.867,1.55,10.59,127 ,54.938 ,3.00 ,1.88,7.94 ,171.90 ,6.165 ,0.265 ,74.85,25.15,0.2,180,180,115,60000,0,0,0.05,0.05,0.0005,0.0005,98.47 
1.54,18.53,147,47.867,1.55,10.59,127 ,54.938 ,3.00 ,1.88,7.94 ,171.90 ,6.165 ,0.265 ,74.85,25.15,0.2,180,190,115,60000,0,0,0.05,0,0.0005,0.0005,98.69 
1.54,18.53,147,47.867,1.55,10.59,127 ,54.938 ,3.00 ,1.88,7.94 ,171.90 ,6.165 ,0.265 ,74.85,25.15,0.2,180,200,115,60000,0,0,0.05,0,0.0005,0.0005,98.69 
1.54,18.53,147,47.867,1.55,10.59,127 ,54.938 ,3.00 ,1.88,7.94 ,171.90 ,6.165 ,0.265 ,74.85,25.15,0.2,180,210,115,60000,0,0,0.05,0,0.0005,0.0005,98.91 
1.54,18.53,147,47.867,1.55,10.59,127 ,54.938 ,3.00 ,1.88,7.94 ,171.90 ,6.165 ,0.265 ,74.85,25.15,0.2,180,220,115,60000,0,0,0.05,0,0.0005,0.0005,99.23 
1.54,18.53,147,47.867,1.55,10.59,127 ,54.938 ,3.00 ,1.88,7.94 ,171.90 ,6.165 ,0.265 ,74.85,25.15,0.2,180,230,115,60000,0,0,0.05,0,0.0005,0.0005,99.56 
1.54,18.53,147,47.867,1.55,10.59,127 ,54.938 ,3.00 ,1.88,7.94 ,171.90 ,6.165 ,0.265 ,74.85,25.15,0.2,180,240,115,60000,0,0,0.05,0,0.0005,0.0005,100.00 
1.54,18.53,147,47.867,1.55,10.59,127 ,54.938 ,3.00 ,1.88,7.94 ,171.90 ,6.165 ,0.265 ,74.85,25.15,0.2,180,10,115,60000,0,0,0.05,0,0.0005,0.0005,99.98 
1.54,18.53,147,47.867,1.55,10.59,127 ,54.938 ,3.00 ,1.88,7.94 ,171.90 ,6.165 ,0.265 ,74.85,25.15,0.2,180,20,115,60000,0,0,0.05,0,0.0005,0.0005,100.00 
1.54,18.53,147,47.867,1.55,10.59,127 ,54.938 ,3.00 ,1.88,7.94 ,171.90 ,6.165 ,0.265 ,74.85,25.15,0.2,180,30,115,60000,0,0,0.05,0,0.0005,0.0005,100.00 
1.54,18.53,147,47.867,1.55,10.59,127 ,54.938 ,3.00 ,1.88,7.94 ,171.90 ,6.165 ,0.265 ,74.85,25.15,0.2,180,40,115,60000,0,0.0001,0.05,0,0.0005,0.0005,99.97 
1.54,18.53,147,47.867,1.55,10.59,127 ,54.938 ,3.00 ,1.88,7.94 ,171.90 ,6.165 ,0.265 ,74.85,25.15,0.2,180,50,115,60000,0,0.0001,0.05,0,0.0005,0.0005,99.97 
1.54,18.53,147,47.867,1.55,10.59,127 ,54.938 ,3.00 ,1.88,7.94 ,171.90 ,6.165 ,0.265 ,74.85,25.15,0.2,180,60,115,60000,0,0.0001,0.05,0,0.0005,0.0005,99.96 
1.54,18.53,147,47.867,1.55,10.59,127 ,54.938 ,3.00 ,1.88,7.94 ,171.90 ,6.165 ,0.265 ,74.85,25.15,0.2,180,70,115,60000,0,0.0001,0.05,0,0.0005,0.0005,99.96 
1.54,18.53,147,47.867,1.55,10.59,127 ,54.938 ,3.00 ,1.88,7.94 ,171.90 ,6.165 ,0.265 ,74.85,25.15,0.2,180,80,115,60000,0,0.0001,0.05,0,0.0005,0.0005,99.63 
1.54,18.53,147,47.867,1.55,10.59,127 ,54.938 ,3.00 ,1.88,7.94 ,171.90 ,6.165 ,0.265 ,74.85,25.15,0.2,180,90,115,60000,0,0.0001,0.05,0,0.0005,0.0005,99.62 
1.54,18.53,147,47.867,1.55,10.59,127 ,54.938 ,3.00 ,1.88,7.94 ,171.90 ,6.165 ,0.265 ,74.85,25.15,0.2,180,100,115,60000,0,0.0001,0.05,0,0.0005,0.0005,99.29 
1.54,18.53,147,47.867,1.55,10.59,127 ,54.938 ,3.00 ,1.88,7.94 ,171.90 ,6.165 ,0.265 ,74.85,25.15,0.2,180,110,115,60000,0,0.0001,0.05,0,0.0005,0.0005,98.85 
1.54,18.53,147,47.867,1.55,10.59,127 ,54.938 ,3.00 ,1.88,7.94 ,171.90 ,6.165 ,0.265 ,74.85,25.15,0.2,180,120,115,60000,0,0.0001,0.05,0,0.0005,0.0005,98.41 
1.54,18.53,147,47.867,1.55,10.59,127 ,54.938 ,3.00 ,1.88,7.94 ,171.90 ,6.165 ,0.265 ,74.85,25.15,0.2,180,130,115,60000,0,0.0001,0.05,0,0.0005,0.0005,97.32 
1.54,18.53,147,47.867,1.55,10.59,127 ,54.938 ,3.00 ,1.88,7.94 ,171.90 ,6.165 ,0.265 ,74.85,25.15,0.2,180,140,115,60000,0,0.0001,0.05,0,0.0005,0.0005,96.23 
1.54,18.53,147,47.867,1.55,10.59,127 ,54.938 ,3.00 ,1.88,7.94 ,171.90 ,6.165 ,0.265 ,74.85,25.15,0.2,180,150,115,60000,0,0.0001,0.05,0,0.0005,0.0005,95.14 
1.54,18.53,147,47.867,1.55,10.59,127 ,54.938 ,3.00 ,1.88,7.94 ,171.90 ,6.165 ,0.265 ,74.85,25.15,0.2,180,160,115,60000,0,0.0001,0.05,0,0.0005,0.0005,94.81 
1.54,18.53,147,47.867,1.55,10.59,127 ,54.938 ,3.00 ,1.88,7.94 ,171.90 ,6.165 ,0.265 ,74.85,25.15,0.2,180,170,115,60000,0,0.0001,0.05,0,0.0005,0.0005,94.69 
1.54,18.53,147,47.867,1.55,10.59,127 ,54.938 ,3.00 ,1.88,7.94 ,171.90 ,6.165 ,0.265 ,74.85,25.15,0.2,180,180,115,60000,0,0.0001,0.05,0,0.0005,0.0005,94.15 
1.54,18.53,147,47.867,1.55,10.59,127 ,54.938 ,3.00 ,1.88,7.94 ,171.90 ,6.165 ,0.265 ,74.85,25.15,0.2,180,190,115,60000,0,0,0.05,0,0.0005,0.0005,93.82 
1.54,18.53,147,47.867,1.55,10.59,127 ,54.938 ,3.00 ,1.88,7.94 ,171.90 ,6.165 ,0.265 ,74.85,25.15,0.2,180,200,115,60000,0,0,0.05,0,0.0005,0.0005,93.27 
1.54,18.53,147,47.867,1.55,10.59,127 ,54.938 ,3.00 ,1.88,7.94 ,171.90 ,6.165 ,0.265 ,74.85,25.15,0.2,180,210,115,60000,0,0,0.05,0,0.0005,0.0005,92.94 
1.54,18.53,147,47.867,1.55,10.59,127 ,54.938 ,3.00 ,1.88,7.94 ,171.90 ,6.165 ,0.265 ,74.85,25.15,0.2,180,220,115,60000,0,0,0.05,0,0.0005,0.0005,92.93 
1.54,18.53,147,47.867,1.55,10.59,127 ,54.938 ,3.00 ,1.88,7.94 ,171.90 ,6.165 ,0.265 ,74.85,25.15,0.2,180,230,115,60000,0,0,0.05,0,0.0005,0.0005,92.93 
1.54,18.53,147,47.867,1.55,10.59,127 ,54.938 ,3.00 ,1.88,7.94 ,171.90 ,6.165 ,0.265 ,74.85,25.15,0.2,180,240,115,60000,0,0,0.05,0,0.0005,0.0005,92.81 
1.54,8.08,147,47.867,1.55,8.08,127 ,54.938 ,3.06 ,0,0.00 ,68.31 ,13.860 ,0.240 ,92.63,7.37,0.5,120,10,55,150000,0,0,0.06,0,0,0,80.88 
1.54,8.08,147,47.867,1.55,8.08,127 ,54.938 ,3.06 ,0,0.00 ,68.31 ,13.860 ,0.240 ,92.63,7.37,0.5,120,20,55,150000,0,0,0.06,0,0,0,81.51 
1.54,8.08,147,47.867,1.55,8.08,127 ,54.938 ,3.06 ,0,0.00 ,68.31 ,13.860 ,0.240 ,92.63,7.37,0.5,120,30,55,150000,0,0,0.06,0,0,0,79.14 
1.54,8.08,147,47.867,1.55,8.08,127 ,54.938 ,3.06 ,0,0.00 ,68.31 ,13.860 ,0.240 ,92.63,7.37,0.5,120,40,55,150000,0,0,0.06,0,0,0,79.27 
1.54,8.08,147,47.867,1.55,8.08,127 ,54.938 ,3.06 ,0,0.00 ,68.31 ,13.860 ,0.240 ,92.63,7.37,0.5,120,50,55,150000,0,0,0.06,0,0,0,78.27 
1.54,8.08,147,47.867,1.55,8.08,127 ,54.938 ,3.06 ,0,0.00 ,68.31 ,13.860 ,0.240 ,92.63,7.37,0.5,120,60,55,150000,0,0,0.06,0,0,0,76.02 
1.54,8.08,147,47.867,1.55,8.08,127 ,54.938 ,3.06 ,0,0.00 ,68.31 ,13.860 ,0.240 ,92.63,7.37,0.5,120,70,55,150000,0,0,0.06,0,0,0,74.40 
1.54,8.08,147,47.867,1.55,8.08,127 ,54.938 ,3.06 ,0,0.00 ,68.31 ,13.860 ,0.240 ,92.63,7.37,0.5,120,80,55,150000,0,0,0.06,0,0,0,72.66 
1.54,8.08,147,47.867,1.55,8.08,127 ,54.938 ,3.06 ,0,0.00 ,68.31 ,13.860 ,0.240 ,92.63,7.37,0.5,120,90,55,150000,0,0,0.06,0,0,0,70.41 
1.54,8.08,147,47.867,1.55,8.08,127 ,54.938 ,3.06 ,0,0.00 ,68.31 ,13.860 ,0.240 ,92.63,7.37,0.5,120,100,55,150000,0,0,0.06,0,0,0,69.29 
1.54,8.08,147,47.867,1.55,8.08,127 ,54.938 ,3.06 ,0,0.00 ,68.31 ,13.860 ,0.240 ,92.63,7.37,0.5,120,110,55,150000,0,0,0.06,0,0,0,68.17 
1.54,8.08,147,47.867,1.55,8.08,127 ,54.938 ,3.06 ,0,0.00 ,68.31 ,13.860 ,0.240 ,92.63,7.37,0.5,120,120,55,150000,0,0,0.06,0,0,0,67.05 
1.54,8.08,147,47.867,1.55,8.08,127 ,54.938 ,3.06 ,0,0.00 ,68.31 ,13.860 ,0.240 ,92.63,7.37,0.5,120,130,55,150000,0,0,0.06,0,0,0,65.55 
1.54,8.08,147,47.867,1.55,8.08,127 ,54.938 ,3.06 ,0,0.00 ,68.31 ,13.860 ,0.240 ,92.63,7.37,0.5,120,140,55,150000,0,0,0.06,0,0,0,66.68 
1.54,8.08,147,47.867,1.55,8.08,127 ,54.938 ,3.06 ,0,0.00 ,68.31 ,13.860 ,0.240 ,92.63,7.37,0.5,120,150,55,150000,0,0,0.06,0,0,0,66.19 
1.54,8.08,147,47.867,1.55,8.08,127 ,54.938 ,3.06 ,0,0.00 ,68.31 ,13.860 ,0.240 ,92.63,7.37,0.5,120,160,55,150000,0,0,0.06,0,0,0,65.32 
1.54,8.08,147,47.867,1.55,8.08,127 ,54.938 ,3.06 ,0,0.00 ,68.31 ,13.860 ,0.240 ,92.63,7.37,0.5,120,170,55,150000,0,0,0.06,0,0,0,65.32 
1.54,8.08,147,47.867,1.55,8.08,127 ,54.938 ,3.06 ,0,0.00 ,68.31 ,13.860 ,0.240 ,92.63,7.37,0.5,120,180,55,150000,0,0,0.06,0,0,0,65.20 
1.54,8.08,147,47.867,1.55,8.08,127 ,54.938 ,3.06 ,0,0.00 ,68.31 ,13.860 ,0.240 ,92.63,7.37,0.5,120,190,55,150000,0,0,0.06,0,0,0,64.20 
1.54,8.08,147,47.867,1.55,8.08,127 ,54.938 ,3.06 ,0,0.00 ,68.31 ,13.860 ,0.240 ,92.63,7.37,0.5,120,200,55,150000,0,0,0.06,0,0,0,65.08 
1.54,8.08,147,47.867,1.55,8.08,127 ,54.938 ,3.06 ,0,0.00 ,68.31 ,13.860 ,0.240 ,92.63,7.37,0.5,120,210,55,150000,0,0,0.06,0,0,0,64.96 
1.54,8.08,147,47.867,1.55,8.08,127 ,54.938 ,3.06 ,0,0.00 ,68.31 ,13.860 ,0.240 ,92.63,7.37,0.5,120,220,55,150000,0,0,0.06,0,0,0,64.84 
1.54,8.08,147,47.867,1.55,8.08,127 ,54.938 ,3.06 ,0,0.00 ,68.31 ,13.860 ,0.240 ,92.63,7.37,0.5,120,230,55,150000,0,0,0.06,0,0,0,64.85 
1.54,8.08,147,47.867,1.55,8.08,127 ,54.938 ,3.06 ,0,0.00 ,68.31 ,13.860 ,0.240 ,92.63,7.37,0.5,120,240,55,150000,0,0,0.06,0,0,0,64.60 
1.54,8.08,147,47.867,1.55,8.08,127 ,54.938 ,3.06 ,0,0.00 ,68.31 ,13.860 ,0.240 ,92.63,7.37,0.5,120,250,55,150000,0,0,0.06,0,0,0,63.98 
1.54,8.08,147,47.867,1.55,8.08,127 ,54.938 ,3.06 ,0,0.00 ,68.31 ,13.860 ,0.240 ,92.63,7.37,0.5,120,260,55,150000,0,0,0.06,0,0,0,63.73 
1.54,8.08,147,47.867,1.55,8.08,127 ,54.938 ,3.06 ,0,0.00 ,68.31 ,13.860 ,0.240 ,92.63,7.37,0.5,120,270,55,150000,0,0,0.06,0,0,0,63.24 
1.54,8.08,147,47.867,1.55,8.08,127 ,54.938 ,3.06 ,0,0.00 ,68.31 ,13.860 ,0.240 ,92.63,7.37,0.5,120,280,55,150000,0,0,0.06,0,0,0,62.49 
1.54,8.08,147,47.867,1.55,8.08,127 ,54.938 ,3.06 ,0,0.00 ,68.31 ,13.860 ,0.240 ,92.63,7.37,0.5,120,290,55,150000,0,0,0.06,0,0,0,62.12 
1.54,8.08,147,47.867,1.55,8.08,127 ,54.938 ,3.06 ,0,0.00 ,68.31 ,13.860 ,0.240 ,92.63,7.37,0.5,120,300,55,150000,0,0,0.06,0,0,0,61.75 
1.54,20.8,147,47.867,1.55,10.22,127 ,54.938 ,3.05 ,1.66,10.58 ,52.66 ,14.270 ,0.188 ,73.39,26.61,0.5,120,10,55,150000,0,0,0.06,0,0,0,94.25 
1.54,20.8,147,47.867,1.55,10.22,127 ,54.938 ,3.05 ,1.66,10.58 ,52.66 ,14.270 ,0.188 ,73.39,26.61,0.5,120,20,55,150000,0,0,0.06,0,0,0,94.50 
1.54,20.8,147,47.867,1.55,10.22,127 ,54.938 ,3.05 ,1.66,10.58 ,52.66 ,14.270 ,0.188 ,73.39,26.61,0.5,120,30,55,150000,0,0,0.06,0,0,0,94.37 
1.54,20.8,147,47.867,1.55,10.22,127 ,54.938 ,3.05 ,1.66,10.58 ,52.66 ,14.270 ,0.188 ,73.39,26.61,0.5,120,40,55,150000,0,0,0.06,0,0,0,94.37 
1.54,20.8,147,47.867,1.55,10.22,127 ,54.938 ,3.05 ,1.66,10.58 ,52.66 ,14.270 ,0.188 ,73.39,26.61,0.5,120,50,55,150000,0,0,0.06,0,0,0,95.73 
1.54,20.8,147,47.867,1.55,10.22,127 ,54.938 ,3.05 ,1.66,10.58 ,52.66 ,14.270 ,0.188 ,73.39,26.61,0.5,120,60,55,150000,0,0,0.06,0,0,0,96.10 
1.54,20.8,147,47.867,1.55,10.22,127 ,54.938 ,3.05 ,1.66,10.58 ,52.66 ,14.270 ,0.188 ,73.39,26.61,0.5,120,70,55,150000,0,0,0.06,0,0,0,96.72 
1.54,20.8,147,47.867,1.55,10.22,127 ,54.938 ,3.05 ,1.66,10.58 ,52.66 ,14.270 ,0.188 ,73.39,26.61,0.5,120,80,55,150000,0,0,0.06,0,0,0,96.60 
1.54,20.8,147,47.867,1.55,10.22,127 ,54.938 ,3.05 ,1.66,10.58 ,52.66 ,14.270 ,0.188 ,73.39,26.61,0.5,120,90,55,150000,0,0,0.06,0,0,0,96.47 
1.54,20.8,147,47.867,1.55,10.22,127 ,54.938 ,3.05 ,1.66,10.58 ,52.66 ,14.270 ,0.188 ,73.39,26.61,0.5,120,100,55,150000,0,0,0.06,0,0,0,96.59 
1.54,20.8,147,47.867,1.55,10.22,127 ,54.938 ,3.05 ,1.66,10.58 ,52.66 ,14.270 ,0.188 ,73.39,26.61,0.5,120,110,55,150000,0,0,0.06,0,0,0,96.46 
1.54,20.8,147,47.867,1.55,10.22,127 ,54.938 ,3.05 ,1.66,10.58 ,52.66 ,14.270 ,0.188 ,73.39,26.61,0.5,120,120,55,150000,0,0,0.06,0,0,0,96.08 
1.54,20.8,147,47.867,1.55,10.22,127 ,54.938 ,3.05 ,1.66,10.58 ,52.66 ,14.270 ,0.188 ,73.39,26.61,0.5,120,130,55,150000,0,0,0.06,0,0,0,95.20 
1.54,20.8,147,47.867,1.55,10.22,127 ,54.938 ,3.05 ,1.66,10.58 ,52.66 ,14.270 ,0.188 ,73.39,26.61,0.5,120,140,55,150000,0,0,0.06,0,0,0,94.82 
1.54,20.8,147,47.867,1.55,10.22,127 ,54.938 ,3.05 ,1.66,10.58 ,52.66 ,14.270 ,0.188 ,73.39,26.61,0.5,120,150,55,150000,0,0,0.06,0,0,0,95.07 
1.54,20.8,147,47.867,1.55,10.22,127 ,54.938 ,3.05 ,1.66,10.58 ,52.66 ,14.270 ,0.188 ,73.39,26.61,0.5,120,160,55,150000,0,0,0.06,0,0,0,94.19 
1.54,20.8,147,47.867,1.55,10.22,127 ,54.938 ,3.05 ,1.66,10.58 ,52.66 ,14.270 ,0.188 ,73.39,26.61,0.5,120,170,55,150000,0,0,0.06,0,0,0,93.56 
1.54,20.8,147,47.867,1.55,10.22,127 ,54.938 ,3.05 ,1.66,10.58 ,52.66 ,14.270 ,0.188 ,73.39,26.61,0.5,120,180,55,150000,0,0,0.06,0,0,0,93.18 
1.54,20.8,147,47.867,1.55,10.22,127 ,54.938 ,3.05 ,1.66,10.58 ,52.66 ,14.270 ,0.188 ,73.39,26.61,0.5,120,190,55,150000,0,0,0.06,0,0,0,93.18 
1.54,20.8,147,47.867,1.55,10.22,127 ,54.938 ,3.05 ,1.66,10.58 ,52.66 ,14.270 ,0.188 ,73.39,26.61,0.5,120,200,55,150000,0,0,0.06,0,0,0,93.67 
1.54,20.8,147,47.867,1.55,10.22,127 ,54.938 ,3.05 ,1.66,10.58 ,52.66 ,14.270 ,0.188 ,73.39,26.61,0.5,120,210,55,150000,0,0,0.06,0,0,0,92.80 
1.54,20.8,147,47.867,1.55,10.22,127 ,54.938 ,3.05 ,1.66,10.58 ,52.66 ,14.270 ,0.188 ,73.39,26.61,0.5,120,220,55,150000,0,0,0.06,0,0,0,92.54 
1.54,20.8,147,47.867,1.55,10.22,127 ,54.938 ,3.05 ,1.66,10.58 ,52.66 ,14.270 ,0.188 ,73.39,26.61,0.5,120,230,55,150000,0,0,0.06,0,0,0,92.41 
1.54,20.8,147,47.867,1.55,10.22,127 ,54.938 ,3.05 ,1.66,10.58 ,52.66 ,14.270 ,0.188 ,73.39,26.61,0.5,120,240,55,150000,0,0,0.06,0,0,0,92.16 
1.54,20.8,147,47.867,1.55,10.22,127 ,54.938 ,3.05 ,1.66,10.58 ,52.66 ,14.270 ,0.188 ,73.39,26.61,0.5,120,250,55,150000,0,0,0.06,0,0,0,91.91 
1.54,20.8,147,47.867,1.55,10.22,127 ,54.938 ,3.05 ,1.66,10.58 ,52.66 ,14.270 ,0.188 ,73.39,26.61,0.5,120,260,55,150000,0,0,0.06,0,0,0,91.40 
1.54,20.8,147,47.867,1.55,10.22,127 ,54.938 ,3.05 ,1.66,10.58 ,52.66 ,14.270 ,0.188 ,73.39,26.61,0.5,120,270,55,150000,0,0,0.06,0,0,0,91.15 
1.54,20.8,147,47.867,1.55,10.22,127 ,54.938 ,3.05 ,1.66,10.58 ,52.66 ,14.270 ,0.188 ,73.39,26.61,0.5,120,280,55,150000,0,0,0.06,0,0,0,90.65 
1.54,20.8,147,47.867,1.55,10.22,127 ,54.938 ,3.05 ,1.66,10.58 ,52.66 ,14.270 ,0.188 ,73.39,26.61,0.5,120,290,55,150000,0,0,0.06,0,0,0,90.64 
1.54,20.8,147,47.867,1.55,10.22,127 ,54.938 ,3.05 ,1.66,10.58 ,52.66 ,14.270 ,0.188 ,73.39,26.61,0.5,120,300,55,150000,0,0,0.06,0,0,0,90.26 
1.54,46.29,147,47.867,1.55,12.29,127 ,54.938 ,3.50 ,1.96,34.00 ,80.08 ,15.320 ,0.261 ,90.76,9.24,0.5,120,10,55,150000,0,0,0.06,0,0,0,86.16 
1.54,46.29,147,47.867,1.55,12.29,127 ,54.938 ,3.50 ,1.96,34.00 ,80.08 ,15.320 ,0.261 ,90.76,9.24,0.5,120,20,55,150000,0,0,0.06,0,0,0,88.41 
1.54,46.29,147,47.867,1.55,12.29,127 ,54.938 ,3.50 ,1.96,34.00 ,80.08 ,15.320 ,0.261 ,90.76,9.24,0.5,120,30,55,150000,0,0,0.06,0,0,0,89.16 
1.54,46.29,147,47.867,1.55,12.29,127 ,54.938 ,3.50 ,1.96,34.00 ,80.08 ,15.320 ,0.261 ,90.76,9.24,0.5,120,40,55,150000,0,0,0.06,0,0,0,88.92 
1.54,46.29,147,47.867,1.55,12.29,127 ,54.938 ,3.50 ,1.96,34.00 ,80.08 ,15.320 ,0.261 ,90.76,9.24,0.5,120,50,55,150000,0,0,0.06,0,0,0,87.68 
1.54,46.29,147,47.867,1.55,12.29,127 ,54.938 ,3.50 ,1.96,34.00 ,80.08 ,15.320 ,0.261 ,90.76,9.24,0.5,120,60,55,150000,0,0,0.06,0,0,0,85.06 
1.54,46.29,147,47.867,1.55,12.29,127 ,54.938 ,3.50 ,1.96,34.00 ,80.08 ,15.320 ,0.261 ,90.76,9.24,0.5,120,70,55,150000,0,0,0.06,0,0,0,83.82 
1.54,46.29,147,47.867,1.55,12.29,127 ,54.938 ,3.50 ,1.96,34.00 ,80.08 ,15.320 ,0.261 ,90.76,9.24,0.5,120,80,55,150000,0,0,0.06,0,0,0,84.45 
1.54,46.29,147,47.867,1.55,12.29,127 ,54.938 ,3.50 ,1.96,34.00 ,80.08 ,15.320 ,0.261 ,90.76,9.24,0.5,120,90,55,150000,0,0,0.06,0,0,0,83.83 
1.54,46.29,147,47.867,1.55,12.29,127 ,54.938 ,3.50 ,1.96,34.00 ,80.08 ,15.320 ,0.261 ,90.76,9.24,0.5,120,100,55,150000,0,0,0.06,0,0,0,83.46 
1.54,46.29,147,47.867,1.55,12.29,127 ,54.938 ,3.50 ,1.96,34.00 ,80.08 ,15.320 ,0.261 ,90.76,9.24,0.5,120,110,55,150000,0,0,0.06,0,0,0,82.71 
1.54,46.29,147,47.867,1.55,12.29,127 ,54.938 ,3.50 ,1.96,34.00 ,80.08 ,15.320 ,0.261 ,90.76,9.24,0.5,120,120,55,150000,0,0,0.06,0,0,0,82.34 
1.54,46.29,147,47.867,1.55,12.29,127 ,54.938 ,3.50 ,1.96,34.00 ,80.08 ,15.320 ,0.261 ,90.76,9.24,0.5,120,130,55,150000,0,0,0.06,0,0,0,82.10 
1.54,46.29,147,47.867,1.55,12.29,127 ,54.938 ,3.50 ,1.96,34.00 ,80.08 ,15.320 ,0.261 ,90.76,9.24,0.5,120,140,55,150000,0,0,0.06,0,0,0,81.60 
1.54,46.29,147,47.867,1.55,12.29,127 ,54.938 ,3.50 ,1.96,34.00 ,80.08 ,15.320 ,0.261 ,90.76,9.24,0.5,120,150,55,150000,0,0,0.06,0,0,0,80.86 
1.54,46.29,147,47.867,1.55,12.29,127 ,54.938 ,3.50 ,1.96,34.00 ,80.08 ,15.320 ,0.261 ,90.76,9.24,0.5,120,160,55,150000,0,0,0.06,0,0,0,80.24 
1.54,46.29,147,47.867,1.55,12.29,127 ,54.938 ,3.50 ,1.96,34.00 ,80.08 ,15.320 ,0.261 ,90.76,9.24,0.5,120,170,55,150000,0,0,0.06,0,0,0,80.12 
1.54,46.29,147,47.867,1.55,12.29,127 ,54.938 ,3.50 ,1.96,34.00 ,80.08 ,15.320 ,0.261 ,90.76,9.24,0.5,120,180,55,150000,0,0,0.06,0,0,0,80.25 
1.54,46.29,147,47.867,1.55,12.29,127 ,54.938 ,3.50 ,1.96,34.00 ,80.08 ,15.320 ,0.261 ,90.76,9.24,0.5,120,190,55,150000,0,0,0.06,0,0,0,79.38 
1.54,46.29,147,47.867,1.55,12.29,127 ,54.938 ,3.50 ,1.96,34.00 ,80.08 ,15.320 ,0.261 ,90.76,9.24,0.5,120,200,55,150000,0,0,0.06,0,0,0,79.88 
1.54,46.29,147,47.867,1.55,12.29,127 ,54.938 ,3.50 ,1.96,34.00 ,80.08 ,15.320 ,0.261 ,90.76,9.24,0.5,120,210,55,150000,0,0,0.06,0,0,0,79.39 
1.54,46.29,147,47.867,1.55,12.29,127 ,54.938 ,3.50 ,1.96,34.00 ,80.08 ,15.320 ,0.261 ,90.76,9.24,0.5,120,220,55,150000,0,0,0.06,0,0,0,79.27 
1.54,46.29,147,47.867,1.55,12.29,127 ,54.938 ,3.50 ,1.96,34.00 ,80.08 ,15.320 ,0.261 ,90.76,9.24,0.5,120,230,55,150000,0,0,0.06,0,0,0,79.27 
1.54,46.29,147,47.867,1.55,12.29,127 ,54.938 ,3.50 ,1.96,34.00 ,80.08 ,15.320 ,0.261 ,90.76,9.24,0.5,120,240,55,150000,0,0,0.06,0,0,0,78.53 
1.54,46.29,147,47.867,1.55,12.29,127 ,54.938 ,3.50 ,1.96,34.00 ,80.08 ,15.320 ,0.261 ,90.76,9.24,0.5,120,250,55,150000,0,0,0.06,0,0,0,78.03 
1.54,46.29,147,47.867,1.55,12.29,127 ,54.938 ,3.50 ,1.96,34.00 ,80.08 ,15.320 ,0.261 ,90.76,9.24,0.5,120,260,55,150000,0,0,0.06,0,0,0,77.79 
1.54,46.29,147,47.867,1.55,12.29,127 ,54.938 ,3.50 ,1.96,34.00 ,80.08 ,15.320 ,0.261 ,90.76,9.24,0.5,120,270,55,150000,0,0,0.06,0,0,0,77.04 
1.54,46.29,147,47.867,1.55,12.29,127 ,54.938 ,3.50 ,1.96,34.00 ,80.08 ,15.320 ,0.261 ,90.76,9.24,0.5,120,280,55,150000,0,0,0.06,0,0,0,76.55 
1.54,46.29,147,47.867,1.55,12.29,127 ,54.938 ,3.50 ,1.96,34.00 ,80.08 ,15.320 ,0.261 ,90.76,9.24,0.5,120,290,55,150000,0,0,0.06,0,0,0,75.93 
1.54,46.29,147,47.867,1.55,12.29,127 ,54.938 ,3.50 ,1.96,34.00 ,80.08 ,15.320 ,0.261 ,90.76,9.24,0.5,120,300,55,150000,0,0,0.06,0,0,0,75.31 
1.54,56.27,147,47.867,1.55,3.67,127 ,54.938 ,3.33 ,1.66,3.11 ,93.44 ,17.800 ,0.279 ,69.22,30.78,0.5,120,10,55,150000,0,0,0.06,0,0,0,94.76 
1.54,56.27,147,47.867,1.55,3.67,127 ,54.938 ,3.33 ,1.66,3.11 ,93.44 ,17.800 ,0.279 ,69.22,30.78,0.5,120,20,55,150000,0,0,0.06,0,0,0,96.13 
1.54,56.27,147,47.867,1.55,3.67,127 ,54.938 ,3.33 ,1.66,3.11 ,93.44 ,17.800 ,0.279 ,69.22,30.78,0.5,120,30,55,150000,0,0,0.06,0,0,0,96.88 
1.54,56.27,147,47.867,1.55,3.67,127 ,54.938 ,3.33 ,1.66,3.11 ,93.44 ,17.800 ,0.279 ,69.22,30.78,0.5,120,40,55,150000,0,0,0.06,0,0,0,97.38 
1.54,56.27,147,47.867,1.55,3.67,127 ,54.938 ,3.33 ,1.66,3.11 ,93.44 ,17.800 ,0.279 ,69.22,30.78,0.5,120,50,55,150000,0,0,0.06,0,0,0,97.88 
1.54,56.27,147,47.867,1.55,3.67,127 ,54.938 ,3.33 ,1.66,3.11 ,93.44 ,17.800 ,0.279 ,69.22,30.78,0.5,120,60,55,150000,0,0,0.06,0,0,0,97.88 
1.54,56.27,147,47.867,1.55,3.67,127 ,54.938 ,3.33 ,1.66,3.11 ,93.44 ,17.800 ,0.279 ,69.22,30.78,0.5,120,70,55,150000,0,0,0.06,0,0,0,97.76 
1.54,56.27,147,47.867,1.55,3.67,127 ,54.938 ,3.33 ,1.66,3.11 ,93.44 ,17.800 ,0.279 ,69.22,30.78,0.5,120,80,55,150000,0,0,0.06,0,0,0,97.88 
1.54,56.27,147,47.867,1.55,3.67,127 ,54.938 ,3.33 ,1.66,3.11 ,93.44 ,17.800 ,0.279 ,69.22,30.78,0.5,120,90,55,150000,0,0,0.06,0,0,0,98.13 
1.54,56.27,147,47.867,1.55,3.67,127 ,54.938 ,3.33 ,1.66,3.11 ,93.44 ,17.800 ,0.279 ,69.22,30.78,0.5,120,100,55,150000,0,0,0.06,0,0,0,98.13 
1.54,56.27,147,47.867,1.55,3.67,127 ,54.938 ,3.33 ,1.66,3.11 ,93.44 ,17.800 ,0.279 ,69.22,30.78,0.5,120,110,55,150000,0,0,0.06,0,0,0,98.13 
1.54,56.27,147,47.867,1.55,3.67,127 ,54.938 ,3.33 ,1.66,3.11 ,93.44 ,17.800 ,0.279 ,69.22,30.78,0.5,120,120,55,150000,0,0,0.06,0,0,0,97.63 
1.54,56.27,147,47.867,1.55,3.67,127 ,54.938 ,3.33 ,1.66,3.11 ,93.44 ,17.800 ,0.279 ,69.22,30.78,0.5,120,130,55,150000,0,0,0.06,0,0,0,98.25 
1.54,56.27,147,47.867,1.55,3.67,127 ,54.938 ,3.33 ,1.66,3.11 ,93.44 ,17.800 ,0.279 ,69.22,30.78,0.5,120,140,55,150000,0,0,0.06,0,0,0,98.13 
1.54,56.27,147,47.867,1.55,3.67,127 ,54.938 ,3.33 ,1.66,3.11 ,93.44 ,17.800 ,0.279 ,69.22,30.78,0.5,120,150,55,150000,0,0,0.06,0,0,0,97.63 
1.54,56.27,147,47.867,1.55,3.67,127 ,54.938 ,3.33 ,1.66,3.11 ,93.44 ,17.800 ,0.279 ,69.22,30.78,0.5,120,160,55,150000,0,0,0.06,0,0,0,97.63 
1.54,56.27,147,47.867,1.55,3.67,127 ,54.938 ,3.33 ,1.66,3.11 ,93.44 ,17.800 ,0.279 ,69.22,30.78,0.5,120,170,55,150000,0,0,0.06,0,0,0,97.51 
1.54,56.27,147,47.867,1.55,3.67,127 ,54.938 ,3.33 ,1.66,3.11 ,93.44 ,17.800 ,0.279 ,69.22,30.78,0.5,120,180,55,150000,0,0,0.06,0,0,0,97.13 
1.54,56.27,147,47.867,1.55,3.67,127 ,54.938 ,3.33 ,1.66,3.11 ,93.44 ,17.800 ,0.279 ,69.22,30.78,0.5,120,190,55,150000,0,0,0.06,0,0,0,96.76 
1.54,56.27,147,47.867,1.55,3.67,127 ,54.938 ,3.33 ,1.66,3.11 ,93.44 ,17.800 ,0.279 ,69.22,30.78,0.5,120,200,55,150000,0,0,0.06,0,0,0,96.38 
1.54,56.27,147,47.867,1.55,3.67,127 ,54.938 ,3.33 ,1.66,3.11 ,93.44 ,17.800 ,0.279 ,69.22,30.78,0.5,120,210,55,150000,0,0,0.06,0,0,0,96.01 
1.54,56.27,147,47.867,1.55,3.67,127 ,54.938 ,3.33 ,1.66,3.11 ,93.44 ,17.800 ,0.279 ,69.22,30.78,0.5,120,220,55,150000,0,0,0.06,0,0,0,95.39 
1.54,56.27,147,47.867,1.55,3.67,127 ,54.938 ,3.33 ,1.66,3.11 ,93.44 ,17.800 ,0.279 ,69.22,30.78,0.5,120,230,55,150000,0,0,0.06,0,0,0,94.89 
1.54,56.27,147,47.867,1.55,3.67,127 ,54.938 ,3.33 ,1.66,3.11 ,93.44 ,17.800 ,0.279 ,69.22,30.78,0.5,120,240,55,150000,0,0,0.06,0,0,0,94.39 
1.54,56.27,147,47.867,1.55,3.67,127 ,54.938 ,3.33 ,1.66,3.11 ,93.44 ,17.800 ,0.279 ,69.22,30.78,0.5,120,250,55,150000,0,0,0.06,0,0,0,93.77 
1.54,56.27,147,47.867,1.55,3.67,127 ,54.938 ,3.33 ,1.66,3.11 ,93.44 ,17.800 ,0.279 ,69.22,30.78,0.5,120,260,55,150000,0,0,0.06,0,0,0,94.26 
1.54,56.27,147,47.867,1.55,3.67,127 ,54.938 ,3.33 ,1.66,3.11 ,93.44 ,17.800 ,0.279 ,69.22,30.78,0.5,120,270,55,150000,0,0,0.06,0,0,0,93.14 
1.54,56.27,147,47.867,1.55,3.67,127 ,54.938 ,3.33 ,1.66,3.11 ,93.44 ,17.800 ,0.279 ,69.22,30.78,0.5,120,280,55,150000,0,0,0.06,0,0,0,92.64 
1.54,56.27,147,47.867,1.55,3.67,127 ,54.938 ,3.33 ,1.66,3.11 ,93.44 ,17.800 ,0.279 ,69.22,30.78,0.5,120,290,55,150000,0,0,0.06,0,0,0,92.02 
1.54,56.27,147,47.867,1.55,3.67,127 ,54.938 ,3.33 ,1.66,3.11 ,93.44 ,17.800 ,0.279 ,69.22,30.78,0.5,120,300,55,150000,0,0,0.06,0,0,0,90.90 
1.54,8.08,147,47.867,1.55,8.08,127 ,54.938 ,3.06 ,0,0.00 ,68.31 ,13.860 ,0.240 ,92.63,7.37,0.5,120,10,55,150000,0,0.0005,0.06,0,0,0,90.50 
1.54,8.08,147,47.867,1.55,8.08,127 ,54.938 ,3.06 ,0,0.00 ,68.31 ,13.860 ,0.240 ,92.63,7.37,0.5,120,20,55,150000,0,0.0005,0.06,0,0,0,93.63 
1.54,8.08,147,47.867,1.55,8.08,127 ,54.938 ,3.06 ,0,0.00 ,68.31 ,13.860 ,0.240 ,92.63,7.37,0.5,120,30,55,150000,0,0.0005,0.06,0,0,0,94.44 
1.54,8.08,147,47.867,1.55,8.08,127 ,54.938 ,3.06 ,0,0.00 ,68.31 ,13.860 ,0.240 ,92.63,7.37,0.5,120,40,55,150000,0,0.0005,0.06,0,0,0,94.90 
1.54,8.08,147,47.867,1.55,8.08,127 ,54.938 ,3.06 ,0,0.00 ,68.31 ,13.860 ,0.240 ,92.63,7.37,0.5,120,50,55,150000,0,0.0005,0.06,0,0,0,94.90 
1.54,8.08,147,47.867,1.55,8.08,127 ,54.938 ,3.06 ,0,0.00 ,68.31 ,13.860 ,0.240 ,92.63,7.37,0.5,120,60,55,150000,0,0.0005,0.06,0,0,0,95.02 
1.54,8.08,147,47.867,1.55,8.08,127 ,54.938 ,3.06 ,0,0.00 ,68.31 ,13.860 ,0.240 ,92.63,7.37,0.5,120,70,55,150000,0,0.0005,0.06,0,0,0,95.02 
1.54,8.08,147,47.867,1.55,8.08,127 ,54.938 ,3.06 ,0,0.00 ,68.31 ,13.860 ,0.240 ,92.63,7.37,0.5,120,80,55,150000,0,0.0005,0.06,0,0,0,95.02 
1.54,8.08,147,47.867,1.55,8.08,127 ,54.938 ,3.06 ,0,0.00 ,68.31 ,13.860 ,0.240 ,92.63,7.37,0.5,120,90,55,150000,0,0.0005,0.06,0,0,0,94.90 
1.54,8.08,147,47.867,1.55,8.08,127 ,54.938 ,3.06 ,0,0.00 ,68.31 ,13.860 ,0.240 ,92.63,7.37,0.5,120,100,55,150000,0,0.0005,0.06,0,0,0,93.86 
1.54,8.08,147,47.867,1.55,8.08,127 ,54.938 ,3.06 ,0,0.00 ,68.31 ,13.860 ,0.240 ,92.63,7.37,0.5,120,110,55,150000,0,0.0005,0.06,0,0,0,93.16 
1.54,8.08,147,47.867,1.55,8.08,127 ,54.938 ,3.06 ,0,0.00 ,68.31 ,13.860 ,0.240 ,92.63,7.37,0.5,120,120,55,150000,0,0.0005,0.06,0,0,0,92.35 
1.54,8.08,147,47.867,1.55,8.08,127 ,54.938 ,3.06 ,0,0.00 ,68.31 ,13.860 ,0.240 ,92.63,7.37,0.5,120,130,55,150000,0,0.0005,0.06,0,0,0,91.31 
1.54,8.08,147,47.867,1.55,8.08,127 ,54.938 ,3.06 ,0,0.00 ,68.31 ,13.860 ,0.240 ,92.63,7.37,0.5,120,140,55,150000,0,0.0005,0.06,0,0,0,88.99 
1.54,8.08,147,47.867,1.55,8.08,127 ,54.938 ,3.06 ,0,0.00 ,68.31 ,13.860 ,0.240 ,92.63,7.37,0.5,120,150,55,150000,0,0.0005,0.06,0,0,0,86.10 
1.54,8.08,147,47.867,1.55,8.08,127 ,54.938 ,3.06 ,0,0.00 ,68.31 ,13.860 ,0.240 ,92.63,7.37,0.5,120,160,55,150000,0,0.0005,0.06,0,0,0,83.08 
1.54,8.08,147,47.867,1.55,8.08,127 ,54.938 ,3.06 ,0,0.00 ,68.31 ,13.860 ,0.240 ,92.63,7.37,0.5,120,170,55,150000,0,0.0005,0.06,0,0,0,79.95 
1.54,8.08,147,47.867,1.55,8.08,127 ,54.938 ,3.06 ,0,0.00 ,68.31 ,13.860 ,0.240 ,92.63,7.37,0.5,120,180,55,150000,0,0.0005,0.06,0,0,0,76.36 
1.54,8.08,147,47.867,1.55,8.08,127 ,54.938 ,3.06 ,0,0.00 ,68.31 ,13.860 ,0.240 ,92.63,7.37,0.5,120,190,55,150000,0,0.0005,0.06,0,0,0,71.84 
1.54,8.08,147,47.867,1.55,8.08,127 ,54.938 ,3.06 ,0,0.00 ,68.31 ,13.860 ,0.240 ,92.63,7.37,0.5,120,200,55,150000,0,0.0005,0.06,0,0,0,68.25 
1.54,8.08,147,47.867,1.55,8.08,127 ,54.938 ,3.06 ,0,0.00 ,68.31 ,13.860 ,0.240 ,92.63,7.37,0.5,120,210,55,150000,0,0.0005,0.06,0,0,0,64.54 
1.54,8.08,147,47.867,1.55,8.08,127 ,54.938 ,3.06 ,0,0.00 ,68.31 ,13.860 ,0.240 ,92.63,7.37,0.5,120,220,55,150000,0,0.0005,0.06,0,0,0,60.83 
1.54,8.08,147,47.867,1.55,8.08,127 ,54.938 ,3.06 ,0,0.00 ,68.31 ,13.860 ,0.240 ,92.63,7.37,0.5,120,230,55,150000,0,0.0005,0.06,0,0,0,57.36 
1.54,8.08,147,47.867,1.55,8.08,127 ,54.938 ,3.06 ,0,0.00 ,68.31 ,13.860 ,0.240 ,92.63,7.37,0.5,120,240,55,150000,0,0.0005,0.06,0,0,0,54.58 
1.54,8.08,147,47.867,1.55,8.08,127 ,54.938 ,3.06 ,0,0.00 ,68.31 ,13.860 ,0.240 ,92.63,7.37,0.5,120,250,55,150000,0,0.0005,0.06,0,0,0,52.03 
1.54,8.08,147,47.867,1.55,8.08,127 ,54.938 ,3.06 ,0,0.00 ,68.31 ,13.860 ,0.240 ,92.63,7.37,0.5,120,260,55,150000,0,0.0005,0.06,0,0,0,48.90 
1.54,8.08,147,47.867,1.55,8.08,127 ,54.938 ,3.06 ,0,0.00 ,68.31 ,13.860 ,0.240 ,92.63,7.37,0.5,120,270,55,150000,0,0.0005,0.06,0,0,0,45.54 
1.54,8.08,147,47.867,1.55,8.08,127 ,54.938 ,3.06 ,0,0.00 ,68.31 ,13.860 ,0.240 ,92.63,7.37,0.5,120,280,55,150000,0,0.0005,0.06,0,0,0,41.37 
1.54,8.08,147,47.867,1.55,8.08,127 ,54.938 ,3.06 ,0,0.00 ,68.31 ,13.860 ,0.240 ,92.63,7.37,0.5,120,290,55,150000,0,0.0005,0.06,0,0,0,37.66 
1.54,8.08,147,47.867,1.55,8.08,127 ,54.938 ,3.06 ,0,0.00 ,68.31 ,13.860 ,0.240 ,92.63,7.37,0.5,120,300,55,150000,0,0.0005,0.06,0,0,0,34.07 
1.54,20.8,147,47.867,1.55,10.22,127 ,54.938 ,3.05 ,1.66,10.58 ,52.66 ,14.270 ,0.188 ,73.39,26.61,0.5,120,10,55,150000,0,0.0005,0.06,0,0,0,93.97 
1.54,20.8,147,47.867,1.55,10.22,127 ,54.938 ,3.05 ,1.66,10.58 ,52.66 ,14.270 ,0.188 ,73.39,26.61,0.5,120,20,55,150000,0,0.0005,0.06,0,0,0,97.10 
1.54,20.8,147,47.867,1.55,10.22,127 ,54.938 ,3.05 ,1.66,10.58 ,52.66 ,14.270 ,0.188 ,73.39,26.61,0.5,120,30,55,150000,0,0.0005,0.06,0,0,0,97.68 
1.54,20.8,147,47.867,1.55,10.22,127 ,54.938 ,3.05 ,1.66,10.58 ,52.66 ,14.270 ,0.188 ,73.39,26.61,0.5,120,40,55,150000,0,0.0005,0.06,0,0,0,97.57 
1.54,20.8,147,47.867,1.55,10.22,127 ,54.938 ,3.05 ,1.66,10.58 ,52.66 ,14.270 ,0.188 ,73.39,26.61,0.5,120,50,55,150000,0,0.0005,0.06,0,0,0,97.33 
1.54,20.8,147,47.867,1.55,10.22,127 ,54.938 ,3.05 ,1.66,10.58 ,52.66 ,14.270 ,0.188 ,73.39,26.61,0.5,120,60,55,150000,0,0.0005,0.06,0,0,0,97.45 
1.54,20.8,147,47.867,1.55,10.22,127 ,54.938 ,3.05 ,1.66,10.58 ,52.66 ,14.270 ,0.188 ,73.39,26.61,0.5,120,70,55,150000,0,0.0005,0.06,0,0,0,97.10 
1.54,20.8,147,47.867,1.55,10.22,127 ,54.938 ,3.05 ,1.66,10.58 ,52.66 ,14.270 ,0.188 ,73.39,26.61,0.5,120,80,55,150000,0,0.0005,0.06,0,0,0,96.52 
1.54,20.8,147,47.867,1.55,10.22,127 ,54.938 ,3.05 ,1.66,10.58 ,52.66 ,14.270 ,0.188 ,73.39,26.61,0.5,120,90,55,150000,0,0.0005,0.06,0,0,0,96.29 
1.54,20.8,147,47.867,1.55,10.22,127 ,54.938 ,3.05 ,1.66,10.58 ,52.66 ,14.270 ,0.188 ,73.39,26.61,0.5,120,100,55,150000,0,0.0005,0.06,0,0,0,95.71 
1.54,20.8,147,47.867,1.55,10.22,127 ,54.938 ,3.05 ,1.66,10.58 ,52.66 ,14.270 ,0.188 ,73.39,26.61,0.5,120,110,55,150000,0,0.0005,0.06,0,0,0,94.79 
1.54,20.8,147,47.867,1.55,10.22,127 ,54.938 ,3.05 ,1.66,10.58 ,52.66 ,14.270 ,0.188 ,73.39,26.61,0.5,120,120,55,150000,0,0.0005,0.06,0,0,0,93.63 
1.54,20.8,147,47.867,1.55,10.22,127 ,54.938 ,3.05 ,1.66,10.58 ,52.66 ,14.270 ,0.188 ,73.39,26.61,0.5,120,130,55,150000,0,0.0005,0.06,0,0,0,92.93 
1.54,20.8,147,47.867,1.55,10.22,127 ,54.938 ,3.05 ,1.66,10.58 ,52.66 ,14.270 ,0.188 ,73.39,26.61,0.5,120,140,55,150000,0,0.0005,0.06,0,0,0,92.70 
1.54,20.8,147,47.867,1.55,10.22,127 ,54.938 ,3.05 ,1.66,10.58 ,52.66 ,14.270 ,0.188 ,73.39,26.61,0.5,120,150,55,150000,0,0.0005,0.06,0,0,0,92.47 
1.54,20.8,147,47.867,1.55,10.22,127 ,54.938 ,3.05 ,1.66,10.58 ,52.66 ,14.270 ,0.188 ,73.39,26.61,0.5,120,160,55,150000,0,0.0005,0.06,0,0,0,92.35 
1.54,20.8,147,47.867,1.55,10.22,127 ,54.938 ,3.05 ,1.66,10.58 ,52.66 ,14.270 ,0.188 ,73.39,26.61,0.5,120,170,55,150000,0,0.0005,0.06,0,0,0,92.47 
1.54,20.8,147,47.867,1.55,10.22,127 ,54.938 ,3.05 ,1.66,10.58 ,52.66 ,14.270 ,0.188 ,73.39,26.61,0.5,120,180,55,150000,0,0.0005,0.06,0,0,0,92.47 
1.54,20.8,147,47.867,1.55,10.22,127 ,54.938 ,3.05 ,1.66,10.58 ,52.66 ,14.270 ,0.188 ,73.39,26.61,0.5,120,190,55,150000,0,0.0005,0.06,0,0,0,92.47 
1.54,20.8,147,47.867,1.55,10.22,127 ,54.938 ,3.05 ,1.66,10.58 ,52.66 ,14.270 ,0.188 ,73.39,26.61,0.5,120,200,55,150000,0,0.0005,0.06,0,0,0,92.35 
1.54,20.8,147,47.867,1.55,10.22,127 ,54.938 ,3.05 ,1.66,10.58 ,52.66 ,14.270 ,0.188 ,73.39,26.61,0.5,120,210,55,150000,0,0.0005,0.06,0,0,0,92.12 
1.54,20.8,147,47.867,1.55,10.22,127 ,54.938 ,3.05 ,1.66,10.58 ,52.66 ,14.270 ,0.188 ,73.39,26.61,0.5,120,220,55,150000,0,0.0005,0.06,0,0,0,91.54 
1.54,20.8,147,47.867,1.55,10.22,127 ,54.938 ,3.05 ,1.66,10.58 ,52.66 ,14.270 ,0.188 ,73.39,26.61,0.5,120,230,55,150000,0,0.0005,0.06,0,0,0,91.31 
1.54,20.8,147,47.867,1.55,10.22,127 ,54.938 ,3.05 ,1.66,10.58 ,52.66 ,14.270 ,0.188 ,73.39,26.61,0.5,120,240,55,150000,0,0.0005,0.06,0,0,0,91.77 
1.54,20.8,147,47.867,1.55,10.22,127 ,54.938 ,3.05 ,1.66,10.58 ,52.66 ,14.270 ,0.188 ,73.39,26.61,0.5,120,250,55,150000,0,0.0005,0.06,0,0,0,90.96 
1.54,20.8,147,47.867,1.55,10.22,127 ,54.938 ,3.05 ,1.66,10.58 ,52.66 ,14.270 ,0.188 ,73.39,26.61,0.5,120,260,55,150000,0,0.0005,0.06,0,0,0,90.96 
1.54,20.8,147,47.867,1.55,10.22,127 ,54.938 ,3.05 ,1.66,10.58 ,52.66 ,14.270 ,0.188 ,73.39,26.61,0.5,120,270,55,150000,0,0.0005,0.06,0,0,0,91.89 
1.54,20.8,147,47.867,1.55,10.22,127 ,54.938 ,3.05 ,1.66,10.58 ,52.66 ,14.270 ,0.188 ,73.39,26.61,0.5,120,280,55,150000,0,0.0005,0.06,0,0,0,90.85 
1.54,20.8,147,47.867,1.55,10.22,127 ,54.938 ,3.05 ,1.66,10.58 ,52.66 ,14.270 ,0.188 ,73.39,26.61,0.5,120,290,55,150000,0,0.0005,0.06,0,0,0,90.73 
1.54,20.8,147,47.867,1.55,10.22,127 ,54.938 ,3.05 ,1.66,10.58 ,52.66 ,14.270 ,0.188 ,73.39,26.61,0.5,120,300,55,150000,0,0.0005,0.06,0,0,0,90.85 
1.54,46.29,147,47.867,1.55,12.29,127 ,54.938 ,3.50 ,1.96,34.00 ,80.08 ,15.320 ,0.261 ,90.76,9.24,0.5,120,10,55,150000,0,0.0005,0.06,0,0,0,95.48 
1.54,46.29,147,47.867,1.55,12.29,127 ,54.938 ,3.50 ,1.96,34.00 ,80.08 ,15.320 ,0.261 ,90.76,9.24,0.5,120,20,55,150000,0,0.0005,0.06,0,0,0,97.21 
1.54,46.29,147,47.867,1.55,12.29,127 ,54.938 ,3.50 ,1.96,34.00 ,80.08 ,15.320 ,0.261 ,90.76,9.24,0.5,120,30,55,150000,0,0.0005,0.06,0,0,0,97.56 
1.54,46.29,147,47.867,1.55,12.29,127 ,54.938 ,3.50 ,1.96,34.00 ,80.08 ,15.320 ,0.261 ,90.76,9.24,0.5,120,40,55,150000,0,0.0005,0.06,0,0,0,97.32 
1.54,46.29,147,47.867,1.55,12.29,127 ,54.938 ,3.50 ,1.96,34.00 ,80.08 ,15.320 ,0.261 ,90.76,9.24,0.5,120,50,55,150000,0,0.0005,0.06,0,0,0,96.74 
1.54,46.29,147,47.867,1.55,12.29,127 ,54.938 ,3.50 ,1.96,34.00 ,80.08 ,15.320 ,0.261 ,90.76,9.24,0.5,120,60,55,150000,0,0.0005,0.06,0,0,0,96.50 
1.54,46.29,147,47.867,1.55,12.29,127 ,54.938 ,3.50 ,1.96,34.00 ,80.08 ,15.320 ,0.261 ,90.76,9.24,0.5,120,70,55,150000,0,0.0005,0.06,0,0,0,96.15 
1.54,46.29,147,47.867,1.55,12.29,127 ,54.938 ,3.50 ,1.96,34.00 ,80.08 ,15.320 ,0.261 ,90.76,9.24,0.5,120,80,55,150000,0,0.0005,0.06,0,0,0,95.22 
1.54,46.29,147,47.867,1.55,12.29,127 ,54.938 ,3.50 ,1.96,34.00 ,80.08 ,15.320 ,0.261 ,90.76,9.24,0.5,120,90,55,150000,0,0.0005,0.06,0,0,0,94.41 
1.54,46.29,147,47.867,1.55,12.29,127 ,54.938 ,3.50 ,1.96,34.00 ,80.08 ,15.320 ,0.261 ,90.76,9.24,0.5,120,100,55,150000,0,0.0005,0.06,0,0,0,93.71 
1.54,46.29,147,47.867,1.55,12.29,127 ,54.938 ,3.50 ,1.96,34.00 ,80.08 ,15.320 ,0.261 ,90.76,9.24,0.5,120,110,55,150000,0,0.0005,0.06,0,0,0,93.24 
1.54,46.29,147,47.867,1.55,12.29,127 ,54.938 ,3.50 ,1.96,34.00 ,80.08 ,15.320 ,0.261 ,90.76,9.24,0.5,120,120,55,150000,0,0.0005,0.06,0,0,0,92.55 
1.54,46.29,147,47.867,1.55,12.29,127 ,54.938 ,3.50 ,1.96,34.00 ,80.08 ,15.320 ,0.261 ,90.76,9.24,0.5,120,130,55,150000,0,0.0005,0.06,0,0,0,91.39 
1.54,46.29,147,47.867,1.55,12.29,127 ,54.938 ,3.50 ,1.96,34.00 ,80.08 ,15.320 ,0.261 ,90.76,9.24,0.5,120,140,55,150000,0,0.0005,0.06,0,0,0,90.34 
1.54,46.29,147,47.867,1.55,12.29,127 ,54.938 ,3.50 ,1.96,34.00 ,80.08 ,15.320 ,0.261 ,90.76,9.24,0.5,120,150,55,150000,0,0.0005,0.06,0,0,0,89.06 
1.54,46.29,147,47.867,1.55,12.29,127 ,54.938 ,3.50 ,1.96,34.00 ,80.08 ,15.320 ,0.261 ,90.76,9.24,0.5,120,160,55,150000,0,0.0005,0.06,0,0,0,88.25 
1.54,46.29,147,47.867,1.55,12.29,127 ,54.938 ,3.50 ,1.96,34.00 ,80.08 ,15.320 ,0.261 ,90.76,9.24,0.5,120,170,55,150000,0,0.0005,0.06,0,0,0,87.20 
1.54,46.29,147,47.867,1.55,12.29,127 ,54.938 ,3.50 ,1.96,34.00 ,80.08 ,15.320 ,0.261 ,90.76,9.24,0.5,120,180,55,150000,0,0.0005,0.06,0,0,0,85.69 
1.54,46.29,147,47.867,1.55,12.29,127 ,54.938 ,3.50 ,1.96,34.00 ,80.08 ,15.320 ,0.261 ,90.76,9.24,0.5,120,190,55,150000,0,0.0005,0.06,0,0,0,84.42 
1.54,46.29,147,47.867,1.55,12.29,127 ,54.938 ,3.50 ,1.96,34.00 ,80.08 ,15.320 ,0.261 ,90.76,9.24,0.5,120,200,55,150000,0,0.0005,0.06,0,0,0,83.02 
1.54,46.29,147,47.867,1.55,12.29,127 ,54.938 ,3.50 ,1.96,34.00 ,80.08 ,15.320 ,0.261 ,90.76,9.24,0.5,120,210,55,150000,0,0.0005,0.06,0,0,0,81.75 
1.54,46.29,147,47.867,1.55,12.29,127 ,54.938 ,3.50 ,1.96,34.00 ,80.08 ,15.320 ,0.261 ,90.76,9.24,0.5,120,220,55,150000,0,0.0005,0.06,0,0,0,80.35 
1.54,46.29,147,47.867,1.55,12.29,127 ,54.938 ,3.50 ,1.96,34.00 ,80.08 ,15.320 ,0.261 ,90.76,9.24,0.5,120,230,55,150000,0,0.0005,0.06,0,0,0,78.96 
1.54,46.29,147,47.867,1.55,12.29,127 ,54.938 ,3.50 ,1.96,34.00 ,80.08 ,15.320 ,0.261 ,90.76,9.24,0.5,120,240,55,150000,0,0.0005,0.06,0,0,0,77.34 
1.54,46.29,147,47.867,1.55,12.29,127 ,54.938 ,3.50 ,1.96,34.00 ,80.08 ,15.320 ,0.261 ,90.76,9.24,0.5,120,250,55,150000,0,0.0005,0.06,0,0,0,76.18 
1.54,46.29,147,47.867,1.55,12.29,127 ,54.938 ,3.50 ,1.96,34.00 ,80.08 ,15.320 ,0.261 ,90.76,9.24,0.5,120,260,55,150000,0,0.0005,0.06,0,0,0,75.02 
1.54,46.29,147,47.867,1.55,12.29,127 ,54.938 ,3.50 ,1.96,34.00 ,80.08 ,15.320 ,0.261 ,90.76,9.24,0.5,120,270,55,150000,0,0.0005,0.06,0,0,0,73.62 
1.54,46.29,147,47.867,1.55,12.29,127 ,54.938 ,3.50 ,1.96,34.00 ,80.08 ,15.320 ,0.261 ,90.76,9.24,0.5,120,280,55,150000,0,0.0005,0.06,0,0,0,72.23 
1.54,46.29,147,47.867,1.55,12.29,127 ,54.938 ,3.50 ,1.96,34.00 ,80.08 ,15.320 ,0.261 ,90.76,9.24,0.5,120,290,55,150000,0,0.0005,0.06,0,0,0,70.72 
1.54,46.29,147,47.867,1.55,12.29,127 ,54.938 ,3.50 ,1.96,34.00 ,80.08 ,15.320 ,0.261 ,90.76,9.24,0.5,120,300,55,150000,0,0.0005,0.06,0,0,0,69.10 
1.54,56.27,147,47.867,1.55,3.67,127 ,54.938 ,3.33 ,1.66,3.11 ,93.44 ,17.800 ,0.279 ,69.22,30.78,0.5,120,10,55,150000,0,0.0005,0.06,0,0,0,94.91 
1.54,56.27,147,47.867,1.55,3.67,127 ,54.938 ,3.33 ,1.66,3.11 ,93.44 ,17.800 ,0.279 ,69.22,30.78,0.5,120,20,55,150000,0,0.0005,0.06,0,0,0,97.69 
1.54,56.27,147,47.867,1.55,3.67,127 ,54.938 ,3.33 ,1.66,3.11 ,93.44 ,17.800 ,0.279 ,69.22,30.78,0.5,120,30,55,150000,0,0.0005,0.06,0,0,0,97.92 
1.54,56.27,147,47.867,1.55,3.67,127 ,54.938 ,3.33 ,1.66,3.11 ,93.44 ,17.800 ,0.279 ,69.22,30.78,0.5,120,40,55,150000,0,0.0005,0.06,0,0,0,97.34 
1.54,56.27,147,47.867,1.55,3.67,127 ,54.938 ,3.33 ,1.66,3.11 ,93.44 ,17.800 ,0.279 ,69.22,30.78,0.5,120,50,55,150000,0,0.0005,0.06,0,0,0,97.11 
1.54,56.27,147,47.867,1.55,3.67,127 ,54.938 ,3.33 ,1.66,3.11 ,93.44 ,17.800 ,0.279 ,69.22,30.78,0.5,120,60,55,150000,0,0.0005,0.06,0,0,0,97.11 
1.54,56.27,147,47.867,1.55,3.67,127 ,54.938 ,3.33 ,1.66,3.11 ,93.44 ,17.800 ,0.279 ,69.22,30.78,0.5,120,70,55,150000,0,0.0005,0.06,0,0,0,96.99 
1.54,56.27,147,47.867,1.55,3.67,127 ,54.938 ,3.33 ,1.66,3.11 ,93.44 ,17.800 ,0.279 ,69.22,30.78,0.5,120,80,55,150000,0,0.0005,0.06,0,0,0,97.34 
1.54,56.27,147,47.867,1.55,3.67,127 ,54.938 ,3.33 ,1.66,3.11 ,93.44 ,17.800 ,0.279 ,69.22,30.78,0.5,120,90,55,150000,0,0.0005,0.06,0,0,0,97.45 
1.54,56.27,147,47.867,1.55,3.67,127 ,54.938 ,3.33 ,1.66,3.11 ,93.44 ,17.800 ,0.279 ,69.22,30.78,0.5,120,100,55,150000,0,0.0005,0.06,0,0,0,97.69 
1.54,56.27,147,47.867,1.55,3.67,127 ,54.938 ,3.33 ,1.66,3.11 ,93.44 ,17.800 ,0.279 ,69.22,30.78,0.5,120,110,55,150000,0,0.0005,0.06,0,0,0,96.41 
1.54,56.27,147,47.867,1.55,3.67,127 ,54.938 ,3.33 ,1.66,3.11 ,93.44 ,17.800 ,0.279 ,69.22,30.78,0.5,120,120,55,150000,0,0.0005,0.06,0,0,0,97.22 
1.54,56.27,147,47.867,1.55,3.67,127 ,54.938 ,3.33 ,1.66,3.11 ,93.44 ,17.800 ,0.279 ,69.22,30.78,0.5,120,130,55,150000,0,0.0005,0.06,0,0,0,97.92 
1.54,56.27,147,47.867,1.55,3.67,127 ,54.938 ,3.33 ,1.66,3.11 ,93.44 ,17.800 ,0.279 ,69.22,30.78,0.5,120,140,55,150000,0,0.0005,0.06,0,0,0,97.57 
1.54,56.27,147,47.867,1.55,3.67,127 ,54.938 ,3.33 ,1.66,3.11 ,93.44 ,17.800 ,0.279 ,69.22,30.78,0.5,120,150,55,150000,0,0.0005,0.06,0,0,0,97.69 
1.54,56.27,147,47.867,1.55,3.67,127 ,54.938 ,3.33 ,1.66,3.11 ,93.44 ,17.800 ,0.279 ,69.22,30.78,0.5,120,160,55,150000,0,0.0005,0.06,0,0,0,97.57 
1.54,56.27,147,47.867,1.55,3.67,127 ,54.938 ,3.33 ,1.66,3.11 ,93.44 ,17.800 ,0.279 ,69.22,30.78,0.5,120,170,55,150000,0,0.0005,0.06,0,0,0,98.03 
1.54,56.27,147,47.867,1.55,3.67,127 ,54.938 ,3.33 ,1.66,3.11 ,93.44 ,17.800 ,0.279 ,69.22,30.78,0.5,120,180,55,150000,0,0.0005,0.06,0,0,0,97.92 
1.54,56.27,147,47.867,1.55,3.67,127 ,54.938 ,3.33 ,1.66,3.11 ,93.44 ,17.800 ,0.279 ,69.22,30.78,0.5,120,190,55,150000,0,0.0005,0.06,0,0,0,97.92 
1.54,56.27,147,47.867,1.55,3.67,127 ,54.938 ,3.33 ,1.66,3.11 ,93.44 ,17.800 ,0.279 ,69.22,30.78,0.5,120,200,55,150000,0,0.0005,0.06,0,0,0,97.69 
1.54,56.27,147,47.867,1.55,3.67,127 ,54.938 ,3.33 ,1.66,3.11 ,93.44 ,17.800 ,0.279 ,69.22,30.78,0.5,120,210,55,150000,0,0.0005,0.06,0,0,0,98.38 
1.54,56.27,147,47.867,1.55,3.67,127 ,54.938 ,3.33 ,1.66,3.11 ,93.44 ,17.800 ,0.279 ,69.22,30.78,0.5,120,220,55,150000,0,0.0005,0.06,0,0,0,97.69 
1.54,56.27,147,47.867,1.55,3.67,127 ,54.938 ,3.33 ,1.66,3.11 ,93.44 ,17.800 ,0.279 ,69.22,30.78,0.5,120,230,55,150000,0,0.0005,0.06,0,0,0,97.57 
1.54,56.27,147,47.867,1.55,3.67,127 ,54.938 ,3.33 ,1.66,3.11 ,93.44 ,17.800 ,0.279 ,69.22,30.78,0.5,120,240,55,150000,0,0.0005,0.06,0,0,0,96.88 
1.54,56.27,147,47.867,1.55,3.67,127 ,54.938 ,3.33 ,1.66,3.11 ,93.44 ,17.800 ,0.279 ,69.22,30.78,0.5,120,250,55,150000,0,0.0005,0.06,0,0,0,97.45 
1.54,56.27,147,47.867,1.55,3.67,127 ,54.938 ,3.33 ,1.66,3.11 ,93.44 ,17.800 ,0.279 ,69.22,30.78,0.5,120,260,55,150000,0,0.0005,0.06,0,0,0,97.45 
1.54,56.27,147,47.867,1.55,3.67,127 ,54.938 ,3.33 ,1.66,3.11 ,93.44 ,17.800 ,0.279 ,69.22,30.78,0.5,120,270,55,150000,0,0.0005,0.06,0,0,0,97.57 
1.54,56.27,147,47.867,1.55,3.67,127 ,54.938 ,3.33 ,1.66,3.11 ,93.44 ,17.800 ,0.279 ,69.22,30.78,0.5,120,280,55,150000,0,0.0005,0.06,0,0,0,97.11 
1.54,56.27,147,47.867,1.55,3.67,127 ,54.938 ,3.33 ,1.66,3.11 ,93.44 ,17.800 ,0.279 ,69.22,30.78,0.5,120,290,55,150000,0,0.0005,0.06,0,0,0,96.99 
1.54,56.27,147,47.867,1.55,3.67,127 ,54.938 ,3.33 ,1.66,3.11 ,93.44 ,17.800 ,0.279 ,69.22,30.78,0.5,120,300,55,150000,0,0.0005,0.06,0,0,0,96.99 
1.12,45.35 ,185,138.905,1.55,45.35,127 ,54.938 ,3.11 ,0,0.00 ,10.13 ,23.827 ,0.059 ,32.8,67.2,0.5,200,15,70,50000,0.00001,0.0004,0.04,0.1,0.0004,0.0004,82.14 
1.12,45.35 ,185,138.905,1.55,45.35,127 ,54.938 ,3.11 ,0,0.00 ,10.13 ,23.827 ,0.059 ,32.8,67.2,0.5,200,30,70,50000,0.00001,0.0004,0.04,0.1,0.0004,0.0004,85.56 
1.12,45.35 ,185,138.905,1.55,45.35,127 ,54.938 ,3.11 ,0,0.00 ,10.13 ,23.827 ,0.059 ,32.8,67.2,0.5,200,45,70,50000,0.00001,0.0004,0.04,0.1,0.0004,0.0004,85.78 
1.12,45.35 ,185,138.905,1.55,45.35,127 ,54.938 ,3.11 ,0,0.00 ,10.13 ,23.827 ,0.059 ,32.8,67.2,0.5,200,60,70,50000,0.00001,0.0004,0.04,0.1,0.0004,0.0004,85.67 
1.12,45.35 ,185,138.905,1.55,45.35,127 ,54.938 ,3.11 ,0,0.00 ,10.13 ,23.827 ,0.059 ,32.8,67.2,0.5,200,75,70,50000,0.00001,0.0004,0.04,0.1,0.0004,0.0004,85.35 
1.12,45.35 ,185,138.905,1.55,45.35,127 ,54.938 ,3.11 ,0,0.00 ,10.13 ,23.827 ,0.059 ,32.8,67.2,0.5,200,90,70,50000,0.00001,0.0004,0.04,0.1,0.0004,0.0004,85.67 
1.12,45.35 ,185,138.905,1.55,45.35,127 ,54.938 ,3.11 ,0,0.00 ,10.13 ,23.827 ,0.059 ,32.8,67.2,0.5,200,105,70,50000,0.00001,0.0004,0.04,0.1,0.0004,0.0004,85.45 
1.12,45.35 ,185,138.905,1.55,45.35,127 ,54.938 ,3.11 ,0,0.00 ,10.13 ,23.827 ,0.059 ,32.8,67.2,0.5,200,120,70,50000,0.00001,0.0004,0.04,0.1,0.0004,0.0004,85.78 
1.12,45.35 ,185,138.905,1.55,45.35,127 ,54.938 ,3.11 ,0,0.00 ,10.13 ,23.827 ,0.059 ,32.8,67.2,0.5,200,135,70,50000,0.00001,0.0004,0.04,0.1,0.0004,0.0004,85.45 
1.12,45.35 ,185,138.905,1.55,45.35,127 ,54.938 ,3.11 ,0,0.00 ,10.13 ,23.827 ,0.059 ,32.8,67.2,0.5,200,150,70,50000,0.00001,0.0004,0.04,0.1,0.0004,0.0004,85.45 
1.12,45.35 ,185,138.905,1.55,45.35,127 ,54.938 ,3.11 ,0,0.00 ,10.13 ,23.827 ,0.059 ,32.8,67.2,0.5,200,165,70,50000,0.00001,0.0004,0.04,0.1,0.0004,0.0004,86.10 
1.12,45.35 ,185,138.905,1.55,45.35,127 ,54.938 ,3.11 ,0,0.00 ,10.13 ,23.827 ,0.059 ,32.8,67.2,0.5,200,180,70,50000,0.00001,0.0004,0.04,0.1,0.0004,0.0004,85.78 
1.12,45.35 ,185,138.905,1.55,45.35,127 ,54.938 ,3.11 ,0,0.00 ,10.13 ,23.827 ,0.059 ,32.8,67.2,0.5,200,195,70,50000,0.00001,0.0004,0.04,0.1,0.0004,0.0004,85.35 
1.12,45.35 ,185,138.905,1.55,45.35,127 ,54.938 ,3.11 ,0,0.00 ,10.13 ,23.827 ,0.059 ,32.8,67.2,0.5,200,210,70,50000,0.00001,0.0004,0.04,0.1,0.0004,0.0004,85.78 
1.12,45.35 ,185,138.905,1.55,45.35,127 ,54.938 ,3.11 ,0,0.00 ,10.13 ,23.827 ,0.059 ,32.8,67.2,0.5,200,225,70,50000,0.00001,0.0004,0.04,0.1,0.0004,0.0004,85.45 
1.12,45.35 ,185,138.905,1.55,45.35,127 ,54.938 ,3.11 ,0,0.00 ,10.13 ,23.827 ,0.059 ,32.8,67.2,0.5,200,240,70,50000,0.00001,0.0004,0.04,0.1,0.0004,0.0004,85.56 
1.12,45.35 ,185,138.905,1.55,45.35,127 ,54.938 ,3.11 ,0,0.00 ,10.13 ,23.827 ,0.059 ,32.8,67.2,0.5,200,255,70,50000,0.00001,0.0004,0.04,0.1,0.0004,0.0004,85.35 
1.12,45.35 ,185,138.905,1.55,45.35,127 ,54.938 ,3.11 ,0,0.00 ,10.13 ,23.827 ,0.059 ,32.8,67.2,0.5,200,270,70,50000,0.00001,0.0004,0.04,0.1,0.0004,0.0004,85.45 
1.12,45.35 ,185,138.905,1.55,45.35,127 ,54.938 ,3.11 ,0,0.00 ,10.13 ,23.827 ,0.059 ,32.8,67.2,0.5,200,285,70,50000,0.00001,0.0004,0.04,0.1,0.0004,0.0004,85.13 
1.12,45.35 ,185,138.905,1.55,45.35,127 ,54.938 ,3.11 ,0,0.00 ,10.13 ,23.827 ,0.059 ,32.8,67.2,0.5,200,300,70,50000,0.00001,0.0004,0.04,0.1,0.0004,0.0004,85.56 
1.12,45.35 ,185,138.905,1.55,45.35,127 ,54.938 ,3.11 ,0,0.00 ,10.13 ,23.827 ,0.059 ,32.8,67.2,0.5,200,315,70,50000,0.00001,0.0004,0.04,0.1,0.0004,0.0004,85.24 
1.12,45.35 ,185,138.905,1.55,45.35,127 ,54.938 ,3.11 ,0,0.00 ,10.13 ,23.827 ,0.059 ,32.8,67.2,0.5,200,330,70,50000,0.00001,0.0004,0.04,0.1,0.0004,0.0004,85.45 
1.12,45.35 ,185,138.905,1.55,45.35,127 ,54.938 ,3.11 ,0,0.00 ,10.13 ,23.827 ,0.059 ,32.8,67.2,0.5,200,345,70,50000,0.00001,0.0004,0.04,0.1,0.0004,0.0004,85.03 
1.12,45.35 ,185,138.905,1.55,45.35,127 ,54.938 ,3.11 ,0,0.00 ,10.13 ,23.827 ,0.059 ,32.8,67.2,0.5,200,360,70,50000,0.00001,0.0004,0.04,0.1,0.0004,0.0004,85.03 
1.12,45.35 ,185,138.905,1.55,45.35,127 ,54.938 ,3.11 ,0,0.00 ,10.13 ,23.827 ,0.059 ,32.8,67.2,0.5,200,375,70,50000,0.00001,0.0004,0.04,0.1,0.0004,0.0004,84.60 
1.12,45.35 ,185,138.905,1.55,45.35,127 ,54.938 ,3.11 ,0,0.00 ,10.13 ,23.827 ,0.059 ,32.8,67.2,0.5,200,390,70,50000,0.00001,0.0004,0.04,0.1,0.0004,0.0004,84.28 
1.12,45.35 ,185,138.905,1.55,45.35,127 ,54.938 ,3.11 ,0,0.00 ,10.13 ,23.827 ,0.059 ,32.8,67.2,0.5,200,405,70,50000,0.00001,0.0004,0.04,0.1,0.0004,0.0004,84.06 
1.12,45.35 ,185,138.905,1.55,45.35,127 ,54.938 ,3.11 ,0,0.00 ,10.13 ,23.827 ,0.059 ,32.8,67.2,0.5,200,420,70,50000,0.00001,0.0004,0.04,0.1,0.0004,0.0004,84.49 
1.12,45.35 ,185,138.905,1.55,45.35,127 ,54.938 ,3.11 ,0,0.00 ,10.13 ,23.827 ,0.059 ,32.8,67.2,0.5,200,435,70,50000,0.00001,0.0004,0.04,0.1,0.0004,0.0004,84.06 
1.12,45.35 ,185,138.905,1.55,45.35,127 ,54.938 ,3.11 ,0,0.00 ,10.13 ,23.827 ,0.059 ,32.8,67.2,0.5,200,450,70,50000,0.00001,0.0004,0.04,0.1,0.0004,0.0004,83.53 
1.12,45.35 ,185,138.905,1.55,45.35,127 ,54.938 ,3.11 ,0,0.00 ,10.13 ,23.827 ,0.059 ,32.8,67.2,0.5,200,465,70,50000,0.00001,0.0004,0.04,0.1,0.0004,0.0004,83.96 
1.12,45.35 ,185,138.905,1.55,45.35,127 ,54.938 ,3.11 ,0,0.00 ,10.13 ,23.827 ,0.059 ,32.8,67.2,0.5,200,480,70,50000,0.00001,0.0004,0.04,0.1,0.0004,0.0004,83.21 
1.12,45.35 ,185,138.905,1.55,45.35,127 ,54.938 ,3.11 ,0,0.00 ,10.13 ,23.827 ,0.059 ,32.8,67.2,0.5,200,495,70,50000,0.00001,0.0004,0.04,0.1,0.0004,0.0004,83.53 
1.12,45.35 ,185,138.905,1.55,45.35,127 ,54.938 ,3.11 ,0,0.00 ,10.13 ,23.827 ,0.059 ,32.8,67.2,0.5,200,510,70,50000,0.00001,0.0004,0.04,0.1,0.0004,0.0004,83.53 
1.12,45.35 ,185,138.905,1.55,45.35,127 ,54.938 ,3.11 ,0,0.00 ,10.13 ,23.827 ,0.059 ,32.8,67.2,0.5,200,525,70,50000,0.00001,0.0004,0.04,0.1,0.0004,0.0004,83.21 
1.12,45.35 ,185,138.905,1.55,45.35,127 ,54.938 ,3.11 ,0,0.00 ,10.13 ,23.827 ,0.059 ,32.8,67.2,0.5,200,540,70,50000,0.00001,0.0004,0.04,0.1,0.0004,0.0004,82.99 
1.12,45.35 ,185,138.905,1.55,45.35,127 ,54.938 ,3.11 ,0,0.00 ,10.13 ,23.827 ,0.059 ,32.8,67.2,0.5,200,555,70,50000,0.00001,0.0004,0.04,0.1,0.0004,0.0004,83.42 
1.12,45.35 ,185,138.905,1.55,45.35,127 ,54.938 ,3.11 ,0,0.00 ,10.13 ,23.827 ,0.059 ,32.8,67.2,0.5,200,570,70,50000,0.00001,0.0004,0.04,0.1,0.0004,0.0004,83.64 
1.12,45.35 ,185,138.905,1.55,45.35,127 ,54.938 ,3.11 ,0,0.00 ,10.13 ,23.827 ,0.059 ,32.8,67.2,0.5,200,585,70,50000,0.00001,0.0004,0.04,0.1,0.0004,0.0004,82.78 
1.12,45.35 ,185,138.905,1.55,45.35,127 ,54.938 ,3.11 ,0,0.00 ,10.13 ,23.827 ,0.059 ,32.8,67.2,0.5,200,600,70,50000,0.00001,0.0004,0.04,0.1,0.0004,0.0004,82.46 
1.12,45.35 ,185,138.905,1.55,45.35,127 ,54.938 ,3.11 ,0,0.00 ,10.13 ,23.827 ,0.059 ,32.8,67.2,0.5,200,615,70,50000,0.00001,0.0004,0.04,0.1,0.0004,0.0004,82.78 
1.12,45.35 ,185,138.905,1.55,45.35,127 ,54.938 ,3.11 ,0,0.00 ,10.13 ,23.827 ,0.059 ,32.8,67.2,0.5,200,630,70,50000,0.00001,0.0004,0.04,0.1,0.0004,0.0004,82.89 
1.12,45.35 ,185,138.905,1.55,45.35,127 ,54.938 ,3.11 ,0,0.00 ,10.13 ,23.827 ,0.059 ,32.8,67.2,0.5,200,645,70,50000,0.00001,0.0004,0.04,0.1,0.0004,0.0004,82.78 
1.12,45.35 ,185,138.905,1.55,45.35,127 ,54.938 ,3.11 ,0,0.00 ,10.13 ,23.827 ,0.059 ,32.8,67.2,0.5,200,660,70,50000,0.00001,0.0004,0.04,0.1,0.0004,0.0004,82.35 
1.12,45.35 ,185,138.905,1.55,45.35,127 ,54.938 ,3.11 ,0,0.00 ,10.13 ,23.827 ,0.059 ,32.8,67.2,0.5,200,675,70,50000,0.00001,0.0004,0.04,0.1,0.0004,0.0004,81.93 
1.12,45.35 ,185,138.905,1.55,45.35,127 ,54.938 ,3.11 ,0,0.00 ,10.13 ,23.827 ,0.059 ,32.8,67.2,0.5,200,690,70,50000,0.00001,0.0004,0.04,0.1,0.0004,0.0004,82.03 
1.12,45.35 ,185,138.905,1.55,45.35,127 ,54.938 ,3.11 ,0,0.00 ,10.13 ,23.827 ,0.059 ,32.8,67.2,0.5,200,705,70,50000,0.00001,0.0004,0.04,0.1,0.0004,0.0004,81.07 
1.12,45.35 ,185,138.905,1.55,45.35,127 ,54.938 ,3.11 ,0,0.00 ,10.13 ,23.827 ,0.059 ,32.8,67.2,0.5,200,720,70,50000,0.00001,0.0004,0.04,0.1,0.0004,0.0004,81.71 
1.83,66.30 ,126,55.845,1.55,66.3,127 ,54.938 ,3.03 ,0,0.00 ,5.42 ,17.699 ,0.042 ,70,30,0.05,150,10,250,200000,0,0,0,0,0,0,84.66 
1.83,66.30 ,126,55.845,1.55,66.3,127 ,54.938 ,3.03 ,0,0.00 ,5.42 ,17.699 ,0.042 ,70,30,0.05,150,20,250,200000,0,0,0,0,0,0,83.18 
1.83,66.30 ,126,55.845,1.55,66.3,127 ,54.938 ,3.03 ,0,0.00 ,5.42 ,17.699 ,0.042 ,70,30,0.05,150,30,250,200000,0,0,0,0,0,0,79.41 
1.83,66.30 ,126,55.845,1.55,66.3,127 ,54.938 ,3.03 ,0,0.00 ,5.42 ,17.699 ,0.042 ,70,30,0.05,150,40,250,200000,0,0,0,0,0,0,78.33 
1.83,66.30 ,126,55.845,1.55,66.3,127 ,54.938 ,3.03 ,0,0.00 ,5.42 ,17.699 ,0.042 ,70,30,0.05,150,50,250,200000,0,0,0,0,0,0,75.24 
1.83,66.30 ,126,55.845,1.55,66.3,127 ,54.938 ,3.03 ,0,0.00 ,5.42 ,17.699 ,0.042 ,70,30,0.05,150,60,250,200000,0,0,0,0,0,0,74.16 
1.83,66.30 ,126,55.845,1.55,66.3,127 ,54.938 ,3.03 ,0,0.00 ,5.42 ,17.699 ,0.042 ,70,30,0.05,150,70,250,200000,0,0,0,0,0,0,72.41 
1.83,66.30 ,126,55.845,1.55,66.3,127 ,54.938 ,3.03 ,0,0.00 ,5.42 ,17.699 ,0.042 ,70,30,0.05,150,80,250,200000,0,0,0,0,0,0,69.72 
1.83,66.30 ,126,55.845,1.55,66.3,127 ,54.938 ,3.03 ,0,0.00 ,5.42 ,17.699 ,0.042 ,70,30,0.05,150,90,250,200000,0,0,0,0,0,0,69.72 
1.83,66.30 ,126,55.845,1.55,66.3,127 ,54.938 ,3.03 ,0,0.00 ,5.42 ,17.699 ,0.042 ,70,30,0.05,150,100,250,200000,0,0,0,0,0,0,64.47 
1.83,76.25 ,126,55.845,1.55,46.72,127 ,54.938 ,2.77 ,1.12,29.53 ,25.95 ,7.850 ,0.107 ,61,39,0.05,150,10,250,200000,0,0,0,0,0,0,96.23 
1.83,76.25 ,126,55.845,1.55,46.72,127 ,54.938 ,2.77 ,1.12,29.53 ,25.95 ,7.850 ,0.107 ,61,39,0.05,150,20,250,200000,0,0,0,0,0,0,95.83 
1.83,76.25 ,126,55.845,1.55,46.72,127 ,54.938 ,2.77 ,1.12,29.53 ,25.95 ,7.850 ,0.107 ,61,39,0.05,150,30,250,200000,0,0,0,0,0,0,95.29 
1.83,76.25 ,126,55.845,1.55,46.72,127 ,54.938 ,2.77 ,1.12,29.53 ,25.95 ,7.850 ,0.107 ,61,39,0.05,150,40,250,200000,0,0,0,0,0,0,94.21 
1.83,76.25 ,126,55.845,1.55,46.72,127 ,54.938 ,2.77 ,1.12,29.53 ,25.95 ,7.850 ,0.107 ,61,39,0.05,150,50,250,200000,0,0,0,0,0,0,93.94 
1.83,76.25 ,126,55.845,1.55,46.72,127 ,54.938 ,2.77 ,1.12,29.53 ,25.95 ,7.850 ,0.107 ,61,39,0.05,150,60,250,200000,0,0,0,0,0,0,93.67 
1.83,76.25 ,126,55.845,1.55,46.72,127 ,54.938 ,2.77 ,1.12,29.53 ,25.95 ,7.850 ,0.107 ,61,39,0.05,150,70,250,200000,0,0,0,0,0,0,91.79 
1.83,76.25 ,126,55.845,1.55,46.72,127 ,54.938 ,2.77 ,1.12,29.53 ,25.95 ,7.850 ,0.107 ,61,39,0.05,150,80,250,200000,0,0,0,0,0,0,92.06 
1.83,76.25 ,126,55.845,1.55,46.72,127 ,54.938 ,2.77 ,1.12,29.53 ,25.95 ,7.850 ,0.107 ,61,39,0.05,150,90,250,200000,0,0,0,0,0,0,89.37 
1.83,76.25 ,126,55.845,1.55,46.72,127 ,54.938 ,2.77 ,1.12,29.53 ,25.95 ,7.850 ,0.107 ,61,39,0.05,150,100,250,200000,0,0,0,0,0,0,88.56 
1.83,79.31 ,126,55.845,1.55,40.71,127 ,54.938 ,3.09 ,1.12,38.60 ,48.59 ,6.940 ,0.178 ,60,40,0.05,150,10,250,200000,0,0,0,0,0,0,86.68 
1.83,79.31 ,126,55.845,1.55,40.71,127 ,54.938 ,3.09 ,1.12,38.60 ,48.59 ,6.940 ,0.178 ,60,40,0.05,150,20,250,200000,0,0,0,0,0,0,91.79 
1.83,79.31 ,126,55.845,1.55,40.71,127 ,54.938 ,3.09 ,1.12,38.60 ,48.59 ,6.940 ,0.178 ,60,40,0.05,150,30,250,200000,0,0,0,0,0,0,94.08 
1.83,79.31 ,126,55.845,1.55,40.71,127 ,54.938 ,3.09 ,1.12,38.60 ,48.59 ,6.940 ,0.178 ,60,40,0.05,150,40,250,200000,0,0,0,0,0,0,94.21 
1.83,79.31 ,126,55.845,1.55,40.71,127 ,54.938 ,3.09 ,1.12,38.60 ,48.59 ,6.940 ,0.178 ,60,40,0.05,150,50,250,200000,0,0,0,0,0,0,94.08 
1.83,79.31 ,126,55.845,1.55,40.71,127 ,54.938 ,3.09 ,1.12,38.60 ,48.59 ,6.940 ,0.178 ,60,40,0.05,150,60,250,200000,0,0,0,0,0,0,94.08 
1.83,79.31 ,126,55.845,1.55,40.71,127 ,54.938 ,3.09 ,1.12,38.60 ,48.59 ,6.940 ,0.178 ,60,40,0.05,150,70,250,200000,0,0,0,0,0,0,94.35 
1.83,79.31 ,126,55.845,1.55,40.71,127 ,54.938 ,3.09 ,1.12,38.60 ,48.59 ,6.940 ,0.178 ,60,40,0.05,150,80,250,200000,0,0,0,0,0,0,94.35 
1.83,79.31 ,126,55.845,1.55,40.71,127 ,54.938 ,3.09 ,1.12,38.60 ,48.59 ,6.940 ,0.178 ,60,40,0.05,150,90,250,200000,0,0,0,0,0,0,94.62 
1.83,79.31 ,126,55.845,1.55,40.71,127 ,54.938 ,3.09 ,1.12,38.60 ,48.59 ,6.940 ,0.178 ,60,40,0.05,150,100,250,200000,0,0,0,0,0,0,95.02 
1.83,81.67 ,126,55.845,1.55,36.07,127 ,54.938 ,3.16 ,1.12,45.60 ,45.40 ,11.868 ,0.269 ,76,24,0.05,150,10,250,200000,0,0,0,0,0,0,97.31 
1.83,81.67 ,126,55.845,1.55,36.07,127 ,54.938 ,3.16 ,1.12,45.60 ,45.40 ,11.868 ,0.269 ,76,24,0.05,150,20,250,200000,0,0,0,0,0,0,97.58 
1.83,81.67 ,126,55.845,1.55,36.07,127 ,54.938 ,3.16 ,1.12,45.60 ,45.40 ,11.868 ,0.269 ,76,24,0.05,150,30,250,200000,0,0,0,0,0,0,97.17 
1.83,81.67 ,126,55.845,1.55,36.07,127 ,54.938 ,3.16 ,1.12,45.60 ,45.40 ,11.868 ,0.269 ,76,24,0.05,150,40,250,200000,0,0,0,0,0,0,97.17 
1.83,81.67 ,126,55.845,1.55,36.07,127 ,54.938 ,3.16 ,1.12,45.60 ,45.40 ,11.868 ,0.269 ,76,24,0.05,150,50,250,200000,0,0,0,0,0,0,96.90 
1.83,81.67 ,126,55.845,1.55,36.07,127 ,54.938 ,3.16 ,1.12,45.60 ,45.40 ,11.868 ,0.269 ,76,24,0.05,150,60,250,200000,0,0,0,0,0,0,96.64 
1.83,81.67 ,126,55.845,1.55,36.07,127 ,54.938 ,3.16 ,1.12,45.60 ,45.40 ,11.868 ,0.269 ,76,24,0.05,150,70,250,200000,0,0,0,0,0,0,95.96 
1.83,81.67 ,126,55.845,1.55,36.07,127 ,54.938 ,3.16 ,1.12,45.60 ,45.40 ,11.868 ,0.269 ,76,24,0.05,150,80,250,200000,0,0,0,0,0,0,95.42 
1.83,81.67 ,126,55.845,1.55,36.07,127 ,54.938 ,3.16 ,1.12,45.60 ,45.40 ,11.868 ,0.269 ,76,24,0.05,150,90,250,200000,0,0,0,0,0,0,95.15 
1.83,81.67 ,126,55.845,1.55,36.07,127 ,54.938 ,3.16 ,1.12,45.60 ,45.40 ,11.868 ,0.269 ,76,24,0.05,150,100,250,200000,0,0,0,0,0,0,95.02 
1.83,83.55 ,126,55.845,1.55,32.38,127 ,54.938 ,2.95 ,1.12,51.17 ,39.55 ,5.563 ,0.167 ,75,25,0.05,150,10,250,200000,0,0,0,0,0,0,69.72 
1.83,83.55 ,126,55.845,1.55,32.38,127 ,54.938 ,2.95 ,1.12,51.17 ,39.55 ,5.563 ,0.167 ,75,25,0.05,150,20,250,200000,0,0,0,0,0,0,67.83 
1.83,83.55 ,126,55.845,1.55,32.38,127 ,54.938 ,2.95 ,1.12,51.17 ,39.55 ,5.563 ,0.167 ,75,25,0.05,150,30,250,200000,0,0,0,0,0,0,67.43 
1.83,83.55 ,126,55.845,1.55,32.38,127 ,54.938 ,2.95 ,1.12,51.17 ,39.55 ,5.563 ,0.167 ,75,25,0.05,150,40,250,200000,0,0,0,0,0,0,66.35 
1.83,83.55 ,126,55.845,1.55,32.38,127 ,54.938 ,2.95 ,1.12,51.17 ,39.55 ,5.563 ,0.167 ,75,25,0.05,150,50,250,200000,0,0,0,0,0,0,67.97 
1.83,83.55 ,126,55.845,1.55,32.38,127 ,54.938 ,2.95 ,1.12,51.17 ,39.55 ,5.563 ,0.167 ,75,25,0.05,150,60,250,200000,0,0,0,0,0,0,66.08 
1.83,83.55 ,126,55.845,1.55,32.38,127 ,54.938 ,2.95 ,1.12,51.17 ,39.55 ,5.563 ,0.167 ,75,25,0.05,150,70,250,200000,0,0,0,0,0,0,66.62 
1.83,83.55 ,126,55.845,1.55,32.38,127 ,54.938 ,2.95 ,1.12,51.17 ,39.55 ,5.563 ,0.167 ,75,25,0.05,150,80,250,200000,0,0,0,0,0,0,64.74 
1.83,83.55 ,126,55.845,1.55,32.38,127 ,54.938 ,2.95 ,1.12,51.17 ,39.55 ,5.563 ,0.167 ,75,25,0.05,150,90,250,200000,0,0,0,0,0,0,67.56 
1.83,83.55 ,126,55.845,1.55,32.38,127 ,54.938 ,2.95 ,1.12,51.17 ,39.55 ,5.563 ,0.167 ,75,25,0.05,150,100,250,200000,0,0,0,0,0,0,67.03 
1.83,81.67 ,126,55.845,1.55,36.07,127 ,54.938 ,3.16 ,1.12,45.60 ,45.40 ,11.868 ,0.269 ,76,24,0.05,50,10,250,200000,0,0,0,0,0,0,92.84 
1.83,81.67 ,126,55.845,1.55,36.07,127 ,54.938 ,3.16 ,1.12,45.60 ,45.40 ,11.868 ,0.269 ,76,24,0.05,50,20,250,200000,0,0,0,0,0,0,91.51 
1.83,81.67 ,126,55.845,1.55,36.07,127 ,54.938 ,3.16 ,1.12,45.60 ,45.40 ,11.868 ,0.269 ,76,24,0.05,50,30,250,200000,0,0,0,0,0,0,91.91 
1.83,81.67 ,126,55.845,1.55,36.07,127 ,54.938 ,3.16 ,1.12,45.60 ,45.40 ,11.868 ,0.269 ,76,24,0.05,50,40,250,200000,0,0,0,0,0,0,92.44 
1.83,81.67 ,126,55.845,1.55,36.07,127 ,54.938 ,3.16 ,1.12,45.60 ,45.40 ,11.868 ,0.269 ,76,24,0.05,50,50,250,200000,0,0,0,0,0,0,92.04 
1.83,81.67 ,126,55.845,1.55,36.07,127 ,54.938 ,3.16 ,1.12,45.60 ,45.40 ,11.868 ,0.269 ,76,24,0.05,50,60,250,200000,0,0,0,0,0,0,91.78 
1.83,81.67 ,126,55.845,1.55,36.07,127 ,54.938 ,3.16 ,1.12,45.60 ,45.40 ,11.868 ,0.269 ,76,24,0.05,50,70,250,200000,0,0,0,0,0,0,91.91 
1.83,81.67 ,126,55.845,1.55,36.07,127 ,54.938 ,3.16 ,1.12,45.60 ,45.40 ,11.868 ,0.269 ,76,24,0.05,50,80,250,200000,0,0,0,0,0,0,92.71 
1.83,81.67 ,126,55.845,1.55,36.07,127 ,54.938 ,3.16 ,1.12,45.60 ,45.40 ,11.868 ,0.269 ,76,24,0.05,50,90,250,200000,0,0,0,0,0,0,92.84 
1.83,81.67 ,126,55.845,1.55,36.07,127 ,54.938 ,3.16 ,1.12,45.60 ,45.40 ,11.868 ,0.269 ,76,24,0.05,50,100,250,200000,0,0,0,0,0,0,92.84 
1.83,81.67 ,126,55.845,1.55,36.07,127 ,54.938 ,3.16 ,1.12,45.60 ,45.40 ,11.868 ,0.269 ,76,24,0.05,250,10,250,200000,0,0,0,0,0,0,29.71 
1.83,81.67 ,126,55.845,1.55,36.07,127 ,54.938 ,3.16 ,1.12,45.60 ,45.40 ,11.868 ,0.269 ,76,24,0.05,250,20,250,200000,0,0,0,0,0,0,33.95 
1.83,81.67 ,126,55.845,1.55,36.07,127 ,54.938 ,3.16 ,1.12,45.60 ,45.40 ,11.868 ,0.269 ,76,24,0.05,250,30,250,200000,0,0,0,0,0,0,25.86 
1.83,81.67 ,126,55.845,1.55,36.07,127 ,54.938 ,3.16 ,1.12,45.60 ,45.40 ,11.868 ,0.269 ,76,24,0.05,250,40,250,200000,0,0,0,0,0,0,16.45 
1.83,81.67 ,126,55.845,1.55,36.07,127 ,54.938 ,3.16 ,1.12,45.60 ,45.40 ,11.868 ,0.269 ,76,24,0.05,250,50,250,200000,0,0,0,0,0,0,3.32 
1.83,81.67 ,126,55.845,1.55,36.07,127 ,54.938 ,3.16 ,1.12,45.60 ,45.40 ,11.868 ,0.269 ,76,24,0.05,250,60,250,200000,0,0,0,0,0,0,5.84 
1.83,81.67 ,126,55.845,1.55,36.07,127 ,54.938 ,3.16 ,1.12,45.60 ,45.40 ,11.868 ,0.269 ,76,24,0.05,250,70,250,200000,0,0,0,0,0,0,7.16 
1.83,81.67 ,126,55.845,1.55,36.07,127 ,54.938 ,3.16 ,1.12,45.60 ,45.40 ,11.868 ,0.269 ,76,24,0.05,250,80,250,200000,0,0,0,0,0,0,4.11 
1.83,81.67 ,126,55.845,1.55,36.07,127 ,54.938 ,3.16 ,1.12,45.60 ,45.40 ,11.868 ,0.269 ,76,24,0.05,250,90,250,200000,0,0,0,0,0,0,3.71 
1.83,81.67 ,126,55.845,1.55,36.07,127 ,54.938 ,3.16 ,1.12,45.60 ,45.40 ,11.868 ,0.269 ,76,24,0.05,250,100,250,200000,0,0,0,0,0,0,3.58 
1.83,66.30 ,126,55.845,1.55,66.3,127 ,54.938 ,3.03 ,0,0.00 ,5.42 ,17.699 ,0.042 ,70,30,0.05,150,10,375,200000,0,0,0,0,0,0,88.67 
1.83,66.30 ,126,55.845,1.55,66.3,127 ,54.938 ,3.03 ,0,0.00 ,5.42 ,17.699 ,0.042 ,70,30,0.05,150,20,375,200000,0,0,0,0,0,0,87.02 
1.83,66.30 ,126,55.845,1.55,66.3,127 ,54.938 ,3.03 ,0,0.00 ,5.42 ,17.699 ,0.042 ,70,30,0.05,150,30,375,200000,0,0,0,0,0,0,85.22 
1.83,66.30 ,126,55.845,1.55,66.3,127 ,54.938 ,3.03 ,0,0.00 ,5.42 ,17.699 ,0.042 ,70,30,0.05,150,40,375,200000,0,0,0,0,0,0,81.49 
1.83,66.30 ,126,55.845,1.55,66.3,127 ,54.938 ,3.03 ,0,0.00 ,5.42 ,17.699 ,0.042 ,70,30,0.05,150,50,375,200000,0,0,0,0,0,0,79.70 
1.83,66.30 ,126,55.845,1.55,66.3,127 ,54.938 ,3.03 ,0,0.00 ,5.42 ,17.699 ,0.042 ,70,30,0.05,150,60,375,200000,0,0,0,0,0,0,79.28 
1.83,66.30 ,126,55.845,1.55,66.3,127 ,54.938 ,3.03 ,0,0.00 ,5.42 ,17.699 ,0.042 ,70,30,0.05,150,70,375,200000,0,0,0,0,0,0,77.90 
1.83,66.30 ,126,55.845,1.55,66.3,127 ,54.938 ,3.03 ,0,0.00 ,5.42 ,17.699 ,0.042 ,70,30,0.05,150,80,375,200000,0,0,0,0,0,0,77.49 
1.83,66.30 ,126,55.845,1.55,66.3,127 ,54.938 ,3.03 ,0,0.00 ,5.42 ,17.699 ,0.042 ,70,30,0.05,150,90,375,200000,0,0,0,0,0,0,75.28 
1.83,66.30 ,126,55.845,1.55,66.3,127 ,54.938 ,3.03 ,0,0.00 ,5.42 ,17.699 ,0.042 ,70,30,0.05,150,100,375,200000,0,0,0,0,0,0,72.65 
1.83,81.67 ,126,55.845,1.55,36.07,127 ,54.938 ,3.16 ,1.12,45.60 ,45.40 ,11.868 ,0.269 ,76,24,0.05,150,10,375,200000,0,0,0,0,0,0,93.78 
1.83,81.67 ,126,55.845,1.55,36.07,127 ,54.938 ,3.16 ,1.12,45.60 ,45.40 ,11.868 ,0.269 ,76,24,0.05,150,20,375,200000,0,0,0,0,0,0,94.06 
1.83,81.67 ,126,55.845,1.55,36.07,127 ,54.938 ,3.16 ,1.12,45.60 ,45.40 ,11.868 ,0.269 ,76,24,0.05,150,30,375,200000,0,0,0,0,0,0,93.65 
1.83,81.67 ,126,55.845,1.55,36.07,127 ,54.938 ,3.16 ,1.12,45.60 ,45.40 ,11.868 ,0.269 ,76,24,0.05,150,40,375,200000,0,0,0,0,0,0,92.82 
1.83,81.67 ,126,55.845,1.55,36.07,127 ,54.938 ,3.16 ,1.12,45.60 ,45.40 ,11.868 ,0.269 ,76,24,0.05,150,50,375,200000,0,0,0,0,0,0,91.44 
1.83,81.67 ,126,55.845,1.55,36.07,127 ,54.938 ,3.16 ,1.12,45.60 ,45.40 ,11.868 ,0.269 ,76,24,0.05,150,60,375,200000,0,0,0,0,0,0,91.02 
1.83,81.67 ,126,55.845,1.55,36.07,127 ,54.938 ,3.16 ,1.12,45.60 ,45.40 ,11.868 ,0.269 ,76,24,0.05,150,70,375,200000,0,0,0,0,0,0,90.19 
1.83,81.67 ,126,55.845,1.55,36.07,127 ,54.938 ,3.16 ,1.12,45.60 ,45.40 ,11.868 ,0.269 ,76,24,0.05,150,80,375,200000,0,0,0,0,0,0,89.78 
1.83,81.67 ,126,55.845,1.55,36.07,127 ,54.938 ,3.16 ,1.12,45.60 ,45.40 ,11.868 ,0.269 ,76,24,0.05,150,90,375,200000,0,0,0,0,0,0,88.95 
1.83,81.67 ,126,55.845,1.55,36.07,127 ,54.938 ,3.16 ,1.12,45.60 ,45.40 ,11.868 ,0.269 ,76,24,0.05,150,100,375,200000,0,0,0,0,0,0,87.98 
1.83,66.30 ,126,55.845,1.55,66.3,127 ,54.938 ,3.03 ,0,0.00 ,5.42 ,17.699 ,0.042 ,70,30,0.05,150,10,250,200000,0,0.001,0,0,0,0,68.00 
1.83,66.30 ,126,55.845,1.55,66.3,127 ,54.938 ,3.03 ,0,0.00 ,5.42 ,17.699 ,0.042 ,70,30,0.05,150,20,250,200000,0,0.001,0,0,0,0,69.52 
1.83,66.30 ,126,55.845,1.55,66.3,127 ,54.938 ,3.03 ,0,0.00 ,5.42 ,17.699 ,0.042 ,70,30,0.05,150,30,250,200000,0,0.001,0,0,0,0,68.83 
1.83,66.30 ,126,55.845,1.55,66.3,127 ,54.938 ,3.03 ,0,0.00 ,5.42 ,17.699 ,0.042 ,70,30,0.05,150,40,250,200000,0,0.001,0,0,0,0,75.31 
1.83,66.30 ,126,55.845,1.55,66.3,127 ,54.938 ,3.03 ,0,0.00 ,5.42 ,17.699 ,0.042 ,70,30,0.05,150,50,250,200000,0,0.001,0,0,0,0,88.69 
1.83,66.30 ,126,55.845,1.55,66.3,127 ,54.938 ,3.03 ,0,0.00 ,5.42 ,17.699 ,0.042 ,70,30,0.05,150,60,250,200000,0,0.001,0,0,0,0,91.86 
1.83,66.30 ,126,55.845,1.55,66.3,127 ,54.938 ,3.03 ,0,0.00 ,5.42 ,17.699 ,0.042 ,70,30,0.05,150,70,250,200000,0,0.001,0,0,0,0,92.83 
1.83,66.30 ,126,55.845,1.55,66.3,127 ,54.938 ,3.03 ,0,0.00 ,5.42 ,17.699 ,0.042 ,70,30,0.05,150,80,250,200000,0,0.001,0,0,0,0,93.10 
1.83,66.30 ,126,55.845,1.55,66.3,127 ,54.938 ,3.03 ,0,0.00 ,5.42 ,17.699 ,0.042 ,70,30,0.05,150,90,250,200000,0,0.001,0,0,0,0,90.48 
1.83,66.30 ,126,55.845,1.55,66.3,127 ,54.938 ,3.03 ,0,0.00 ,5.42 ,17.699 ,0.042 ,70,30,0.05,150,100,250,200000,0,0.001,0,0,0,0,90.62 
1.83,76.25 ,126,55.845,1.55,46.72,127 ,54.938 ,2.77 ,1.12,29.53 ,25.95 ,7.850 ,0.107 ,61,39,0.05,150,10,250,200000,0,0.001,0,0,0,0,33.93 
1.83,76.25 ,126,55.845,1.55,46.72,127 ,54.938 ,2.77 ,1.12,29.53 ,25.95 ,7.850 ,0.107 ,61,39,0.05,150,20,250,200000,0,0.001,0,0,0,0,40.28 
1.83,76.25 ,126,55.845,1.55,46.72,127 ,54.938 ,2.77 ,1.12,29.53 ,25.95 ,7.850 ,0.107 ,61,39,0.05,150,30,250,200000,0,0.001,0,0,0,0,43.03 
1.83,76.25 ,126,55.845,1.55,46.72,127 ,54.938 ,2.77 ,1.12,29.53 ,25.95 ,7.850 ,0.107 ,61,39,0.05,150,40,250,200000,0,0.001,0,0,0,0,43.59 
1.83,76.25 ,126,55.845,1.55,46.72,127 ,54.938 ,2.77 ,1.12,29.53 ,25.95 ,7.850 ,0.107 ,61,39,0.05,150,50,250,200000,0,0.001,0,0,0,0,34.48 
1.83,76.25 ,126,55.845,1.55,46.72,127 ,54.938 ,2.77 ,1.12,29.53 ,25.95 ,7.850 ,0.107 ,61,39,0.05,150,60,250,200000,0,0.001,0,0,0,0,27.45 
1.83,76.25 ,126,55.845,1.55,46.72,127 ,54.938 ,2.77 ,1.12,29.53 ,25.95 ,7.850 ,0.107 ,61,39,0.05,150,70,250,200000,0,0.001,0,0,0,0,23.31 
1.83,76.25 ,126,55.845,1.55,46.72,127 ,54.938 ,2.77 ,1.12,29.53 ,25.95 ,7.850 ,0.107 ,61,39,0.05,150,80,250,200000,0,0.001,0,0,0,0,17.93 
1.83,76.25 ,126,55.845,1.55,46.72,127 ,54.938 ,2.77 ,1.12,29.53 ,25.95 ,7.850 ,0.107 ,61,39,0.05,150,90,250,200000,0,0.001,0,0,0,0,13.38 
1.83,76.25 ,126,55.845,1.55,46.72,127 ,54.938 ,2.77 ,1.12,29.53 ,25.95 ,7.850 ,0.107 ,61,39,0.05,150,100,250,200000,0,0.001,0,0,0,0,8.28 
1.83,79.31 ,126,55.845,1.55,40.71,127 ,54.938 ,3.09 ,1.12,38.60 ,48.59 ,6.940 ,0.178 ,60,40,0.05,150,10,250,200000,0,0.001,0,0,0,0,81.24 
1.83,79.31 ,126,55.845,1.55,40.71,127 ,54.938 ,3.09 ,1.12,38.60 ,48.59 ,6.940 ,0.178 ,60,40,0.05,150,20,250,200000,0,0.001,0,0,0,0,90.21 
1.83,79.31 ,126,55.845,1.55,40.71,127 ,54.938 ,3.09 ,1.12,38.60 ,48.59 ,6.940 ,0.178 ,60,40,0.05,150,30,250,200000,0,0.001,0,0,0,0,92.69 
1.83,79.31 ,126,55.845,1.55,40.71,127 ,54.938 ,3.09 ,1.12,38.60 ,48.59 ,6.940 ,0.178 ,60,40,0.05,150,40,250,200000,0,0.001,0,0,0,0,93.79 
1.83,79.31 ,126,55.845,1.55,40.71,127 ,54.938 ,3.09 ,1.12,38.60 ,48.59 ,6.940 ,0.178 ,60,40,0.05,150,50,250,200000,0,0.001,0,0,0,0,94.48 
1.83,79.31 ,126,55.845,1.55,40.71,127 ,54.938 ,3.09 ,1.12,38.60 ,48.59 ,6.940 ,0.178 ,60,40,0.05,150,60,250,200000,0,0.001,0,0,0,0,95.17 
1.83,79.31 ,126,55.845,1.55,40.71,127 ,54.938 ,3.09 ,1.12,38.60 ,48.59 ,6.940 ,0.178 ,60,40,0.05,150,70,250,200000,0,0.001,0,0,0,0,95.59 
1.83,79.31 ,126,55.845,1.55,40.71,127 ,54.938 ,3.09 ,1.12,38.60 ,48.59 ,6.940 ,0.178 ,60,40,0.05,150,80,250,200000,0,0.001,0,0,0,0,95.17 
1.83,79.31 ,126,55.845,1.55,40.71,127 ,54.938 ,3.09 ,1.12,38.60 ,48.59 ,6.940 ,0.178 ,60,40,0.05,150,90,250,200000,0,0.001,0,0,0,0,92.83 
1.83,79.31 ,126,55.845,1.55,40.71,127 ,54.938 ,3.09 ,1.12,38.60 ,48.59 ,6.940 ,0.178 ,60,40,0.05,150,100,250,200000,0,0.001,0,0,0,0,91.17 
1.83,81.67 ,126,55.845,1.55,36.07,127 ,54.938 ,3.16 ,1.12,45.60 ,45.40 ,11.868 ,0.269 ,76,24,0.05,150,10,250,200000,0,0.001,0,0,0,0,93.66 
1.83,81.67 ,126,55.845,1.55,36.07,127 ,54.938 ,3.16 ,1.12,45.60 ,45.40 ,11.868 ,0.269 ,76,24,0.05,150,20,250,200000,0,0.001,0,0,0,0,94.34 
1.83,81.67 ,126,55.845,1.55,36.07,127 ,54.938 ,3.16 ,1.12,45.60 ,45.40 ,11.868 ,0.269 ,76,24,0.05,150,30,250,200000,0,0.001,0,0,0,0,96.00 
1.83,81.67 ,126,55.845,1.55,36.07,127 ,54.938 ,3.16 ,1.12,45.60 ,45.40 ,11.868 ,0.269 ,76,24,0.05,150,40,250,200000,0,0.001,0,0,0,0,96.28 
1.83,81.67 ,126,55.845,1.55,36.07,127 ,54.938 ,3.16 ,1.12,45.60 ,45.40 ,11.868 ,0.269 ,76,24,0.05,150,50,250,200000,0,0.001,0,0,0,0,96.28 
1.83,81.67 ,126,55.845,1.55,36.07,127 ,54.938 ,3.16 ,1.12,45.60 ,45.40 ,11.868 ,0.269 ,76,24,0.05,150,60,250,200000,0,0.001,0,0,0,0,96.14 
1.83,81.67 ,126,55.845,1.55,36.07,127 ,54.938 ,3.16 ,1.12,45.60 ,45.40 ,11.868 ,0.269 ,76,24,0.05,150,70,250,200000,0,0.001,0,0,0,0,95.72 
1.83,81.67 ,126,55.845,1.55,36.07,127 ,54.938 ,3.16 ,1.12,45.60 ,45.40 ,11.868 ,0.269 ,76,24,0.05,150,80,250,200000,0,0.001,0,0,0,0,95.03 
1.83,81.67 ,126,55.845,1.55,36.07,127 ,54.938 ,3.16 ,1.12,45.60 ,45.40 ,11.868 ,0.269 ,76,24,0.05,150,90,250,200000,0,0.001,0,0,0,0,94.21 
1.83,81.67 ,126,55.845,1.55,36.07,127 ,54.938 ,3.16 ,1.12,45.60 ,45.40 ,11.868 ,0.269 ,76,24,0.05,150,100,250,200000,0,0.001,0,0,0,0,94.07 
1.83,83.55 ,126,55.845,1.55,32.38,127 ,54.938 ,2.95 ,1.12,51.17 ,39.55 ,5.563 ,0.167 ,75,25,0.05,150,10,250,200000,0,0.001,0,0,0,0,38.90 
1.83,83.55 ,126,55.845,1.55,32.38,127 ,54.938 ,2.95 ,1.12,51.17 ,39.55 ,5.563 ,0.167 ,75,25,0.05,150,20,250,200000,0,0.001,0,0,0,0,44.97 
1.83,83.55 ,126,55.845,1.55,32.38,127 ,54.938 ,2.95 ,1.12,51.17 ,39.55 ,5.563 ,0.167 ,75,25,0.05,150,30,250,200000,0,0.001,0,0,0,0,42.07 
1.83,83.55 ,126,55.845,1.55,32.38,127 ,54.938 ,2.95 ,1.12,51.17 ,39.55 ,5.563 ,0.167 ,75,25,0.05,150,40,250,200000,0,0.001,0,0,0,0,42.07 
1.83,83.55 ,126,55.845,1.55,32.38,127 ,54.938 ,2.95 ,1.12,51.17 ,39.55 ,5.563 ,0.167 ,75,25,0.05,150,50,250,200000,0,0.001,0,0,0,0,39.86 
1.83,83.55 ,126,55.845,1.55,32.38,127 ,54.938 ,2.95 ,1.12,51.17 ,39.55 ,5.563 ,0.167 ,75,25,0.05,150,60,250,200000,0,0.001,0,0,0,0,39.17 
1.83,83.55 ,126,55.845,1.55,32.38,127 ,54.938 ,2.95 ,1.12,51.17 ,39.55 ,5.563 ,0.167 ,75,25,0.05,150,70,250,200000,0,0.001,0,0,0,0,38.34 
1.83,83.55 ,126,55.845,1.55,32.38,127 ,54.938 ,2.95 ,1.12,51.17 ,39.55 ,5.563 ,0.167 ,75,25,0.05,150,80,250,200000,0,0.001,0,0,0,0,37.93 
1.83,83.55 ,126,55.845,1.55,32.38,127 ,54.938 ,2.95 ,1.12,51.17 ,39.55 ,5.563 ,0.167 ,75,25,0.05,150,90,250,200000,0,0.001,0,0,0,0,37.66 
1.83,83.55 ,126,55.845,1.55,32.38,127 ,54.938 ,2.95 ,1.12,51.17 ,39.55 ,5.563 ,0.167 ,75,25,0.05,150,100,250,200000,0,0.001,0,0,0,0,34.62 
1.83,66.30 ,126,55.845,1.55,66.3,127 ,54.938 ,3.03 ,0,0.00 ,5.42 ,17.699 ,0.042 ,70,30,0.05,150,10,250,200000,0,0.002,0,0,0,0,63.74 
1.83,66.30 ,126,55.845,1.55,66.3,127 ,54.938 ,3.03 ,0,0.00 ,5.42 ,17.699 ,0.042 ,70,30,0.05,150,20,250,200000,0,0.002,0,0,0,0,49.06 
1.83,66.30 ,126,55.845,1.55,66.3,127 ,54.938 ,3.03 ,0,0.00 ,5.42 ,17.699 ,0.042 ,70,30,0.05,150,30,250,200000,0,0.002,0,0,0,0,41.73 
1.83,66.30 ,126,55.845,1.55,66.3,127 ,54.938 ,3.03 ,0,0.00 ,5.42 ,17.699 ,0.042 ,70,30,0.05,150,40,250,200000,0,0.002,0,0,0,0,37.27 
1.83,66.30 ,126,55.845,1.55,66.3,127 ,54.938 ,3.03 ,0,0.00 ,5.42 ,17.699 ,0.042 ,70,30,0.05,150,50,250,200000,0,0.002,0,0,0,0,34.68 
1.83,66.30 ,126,55.845,1.55,66.3,127 ,54.938 ,3.03 ,0,0.00 ,5.42 ,17.699 ,0.042 ,70,30,0.05,150,60,250,200000,0,0.002,0,0,0,0,28.49 
1.83,66.30 ,126,55.845,1.55,66.3,127 ,54.938 ,3.03 ,0,0.00 ,5.42 ,17.699 ,0.042 ,70,30,0.05,150,70,250,200000,0,0.002,0,0,0,0,24.46 
1.83,66.30 ,126,55.845,1.55,66.3,127 ,54.938 ,3.03 ,0,0.00 ,5.42 ,17.699 ,0.042 ,70,30,0.05,150,80,250,200000,0,0.002,0,0,0,0,20.58 
1.83,66.30 ,126,55.845,1.55,66.3,127 ,54.938 ,3.03 ,0,0.00 ,5.42 ,17.699 ,0.042 ,70,30,0.05,150,90,250,200000,0,0.002,0,0,0,0,17.70 
1.83,66.30 ,126,55.845,1.55,66.3,127 ,54.938 ,3.03 ,0,0.00 ,5.42 ,17.699 ,0.042 ,70,30,0.05,150,100,250,200000,0,0.002,0,0,0,0,13.96 
1.83,81.67 ,126,55.845,1.55,36.07,127 ,54.938 ,3.16 ,1.12,45.60 ,45.40 ,11.868 ,0.269 ,76,24,0.05,150,10,250,200000,0,0.002,0,0,0,0,81.29 
1.83,81.67 ,126,55.845,1.55,36.07,127 ,54.938 ,3.16 ,1.12,45.60 ,45.40 ,11.868 ,0.269 ,76,24,0.05,150,20,250,200000,0,0.002,0,0,0,0,83.88 
1.83,81.67 ,126,55.845,1.55,36.07,127 ,54.938 ,3.16 ,1.12,45.60 ,45.40 ,11.868 ,0.269 ,76,24,0.05,150,30,250,200000,0,0.002,0,0,0,0,84.17 
1.83,81.67 ,126,55.845,1.55,36.07,127 ,54.938 ,3.16 ,1.12,45.60 ,45.40 ,11.868 ,0.269 ,76,24,0.05,150,40,250,200000,0,0.002,0,0,0,0,83.02 
1.83,81.67 ,126,55.845,1.55,36.07,127 ,54.938 ,3.16 ,1.12,45.60 ,45.40 ,11.868 ,0.269 ,76,24,0.05,150,50,250,200000,0,0.002,0,0,0,0,80.86 
1.83,81.67 ,126,55.845,1.55,36.07,127 ,54.938 ,3.16 ,1.12,45.60 ,45.40 ,11.868 ,0.269 ,76,24,0.05,150,60,250,200000,0,0.002,0,0,0,0,76.40 
1.83,81.67 ,126,55.845,1.55,36.07,127 ,54.938 ,3.16 ,1.12,45.60 ,45.40 ,11.868 ,0.269 ,76,24,0.05,150,70,250,200000,0,0.002,0,0,0,0,74.68 
1.83,81.67 ,126,55.845,1.55,36.07,127 ,54.938 ,3.16 ,1.12,45.60 ,45.40 ,11.868 ,0.269 ,76,24,0.05,150,80,250,200000,0,0.002,0,0,0,0,72.52 
1.83,81.67 ,126,55.845,1.55,36.07,127 ,54.938 ,3.16 ,1.12,45.60 ,45.40 ,11.868 ,0.269 ,76,24,0.05,150,90,250,200000,0,0.002,0,0,0,0,69.78 
1.83,81.67 ,126,55.845,1.55,36.07,127 ,54.938 ,3.16 ,1.12,45.60 ,45.40 ,11.868 ,0.269 ,76,24,0.05,150,100,250,200000,0,0.002,0,0,0,0,67.19 
1.83,66.30 ,126,55.845,1.55,66.3,127 ,54.938 ,3.03 ,0,0.00 ,5.42 ,17.699 ,0.042 ,70,30,0.05,150,10,250,200000,0,0.001,0,0.01,0,0,75.62 
1.83,66.30 ,126,55.845,1.55,66.3,127 ,54.938 ,3.03 ,0,0.00 ,5.42 ,17.699 ,0.042 ,70,30,0.05,150,20,250,200000,0,0.001,0,0.01,0,0,81.52 
1.83,66.30 ,126,55.845,1.55,66.3,127 ,54.938 ,3.03 ,0,0.00 ,5.42 ,17.699 ,0.042 ,70,30,0.05,150,30,250,200000,0,0.001,0,0.01,0,0,83.67 
1.83,66.30 ,126,55.845,1.55,66.3,127 ,54.938 ,3.03 ,0,0.00 ,5.42 ,17.699 ,0.042 ,70,30,0.05,150,40,250,200000,0,0.001,0,0.01,0,0,84.81 
1.83,66.30 ,126,55.845,1.55,66.3,127 ,54.938 ,3.03 ,0,0.00 ,5.42 ,17.699 ,0.042 ,70,30,0.05,150,50,250,200000,0,0.001,0,0.01,0,0,84.80 
1.83,66.30 ,126,55.845,1.55,66.3,127 ,54.938 ,3.03 ,0,0.00 ,5.42 ,17.699 ,0.042 ,70,30,0.05,150,60,250,200000,0,0.001,0,0.01,0,0,84.50 
1.83,66.30 ,126,55.845,1.55,66.3,127 ,54.938 ,3.03 ,0,0.00 ,5.42 ,17.699 ,0.042 ,70,30,0.05,150,70,250,200000,0,0.001,0,0.01,0,0,83.19 
1.83,66.30 ,126,55.845,1.55,66.3,127 ,54.938 ,3.03 ,0,0.00 ,5.42 ,17.699 ,0.042 ,70,30,0.05,150,80,250,200000,0,0.001,0,0.01,0,0,82.60 
1.83,66.30 ,126,55.845,1.55,66.3,127 ,54.938 ,3.03 ,0,0.00 ,5.42 ,17.699 ,0.042 ,70,30,0.05,150,90,250,200000,0,0.001,0,0.01,0,0,82.30 
1.83,66.30 ,126,55.845,1.55,66.3,127 ,54.938 ,3.03 ,0,0.00 ,5.42 ,17.699 ,0.042 ,70,30,0.05,150,100,250,200000,0,0.001,0,0.01,0,0,82.00 
1.83,66.30 ,126,55.845,1.55,66.3,127 ,54.938 ,3.03 ,0,0.00 ,5.42 ,17.699 ,0.042 ,70,30,0.05,150,110,250,200000,0,0.001,0,0.01,0,0,81.12 
1.83,66.30 ,126,55.845,1.55,66.3,127 ,54.938 ,3.03 ,0,0.00 ,5.42 ,17.699 ,0.042 ,70,30,0.05,150,120,250,200000,0,0.001,0,0.01,0,0,80.82 
1.83,81.67 ,126,55.845,1.55,36.07,127 ,54.938 ,3.16 ,1.12,45.60 ,45.40 ,11.868 ,0.269 ,76,24,0.05,150,10,250,200000,0,0.001,0,0.01,0,0,93.64 
1.83,81.67 ,126,55.845,1.55,36.07,127 ,54.938 ,3.16 ,1.12,45.60 ,45.40 ,11.868 ,0.269 ,76,24,0.05,150,20,250,200000,0,0.001,0,0.01,0,0,93.77 
1.83,81.67 ,126,55.845,1.55,36.07,127 ,54.938 ,3.16 ,1.12,45.60 ,45.40 ,11.868 ,0.269 ,76,24,0.05,150,30,250,200000,0,0.001,0,0.01,0,0,96.64 
1.83,81.67 ,126,55.845,1.55,36.07,127 ,54.938 ,3.16 ,1.12,45.60 ,45.40 ,11.868 ,0.269 ,76,24,0.05,150,40,250,200000,0,0.001,0,0.01,0,0,97.49 
1.83,81.67 ,126,55.845,1.55,36.07,127 ,54.938 ,3.16 ,1.12,45.60 ,45.40 ,11.868 ,0.269 ,76,24,0.05,150,50,250,200000,0,0.001,0,0.01,0,0,97.91 
1.83,81.67 ,126,55.845,1.55,36.07,127 ,54.938 ,3.16 ,1.12,45.60 ,45.40 ,11.868 ,0.269 ,76,24,0.05,150,60,250,200000,0,0.001,0,0.01,0,0,97.90 
1.83,81.67 ,126,55.845,1.55,36.07,127 ,54.938 ,3.16 ,1.12,45.60 ,45.40 ,11.868 ,0.269 ,76,24,0.05,150,70,250,200000,0,0.001,0,0.01,0,0,98.03 
1.83,81.67 ,126,55.845,1.55,36.07,127 ,54.938 ,3.16 ,1.12,45.60 ,45.40 ,11.868 ,0.269 ,76,24,0.05,150,80,250,200000,0,0.001,0,0.01,0,0,98.02 
1.83,81.67 ,126,55.845,1.55,36.07,127 ,54.938 ,3.16 ,1.12,45.60 ,45.40 ,11.868 ,0.269 ,76,24,0.05,150,90,250,200000,0,0.001,0,0.01,0,0,98.15 
1.83,81.67 ,126,55.845,1.55,36.07,127 ,54.938 ,3.16 ,1.12,45.60 ,45.40 ,11.868 ,0.269 ,76,24,0.05,150,100,250,200000,0,0.001,0,0.01,0,0,97.99 
1.83,81.67 ,126,55.845,1.55,36.07,127 ,54.938 ,3.16 ,1.12,45.60 ,45.40 ,11.868 ,0.269 ,76,24,0.05,150,110,250,200000,0,0.001,0,0.01,0,0,97.98 
1.83,81.67 ,126,55.845,1.55,36.07,127 ,54.938 ,3.16 ,1.12,45.60 ,45.40 ,11.868 ,0.269 ,76,24,0.05,150,120,250,200000,0,0.001,0,0.01,0,0,97.97 
1.83,66.30 ,126,55.845,1.55,66.3,127 ,54.938 ,3.03 ,0,0.00 ,5.42 ,17.699 ,0.042 ,70,30,0.05,150,10,250,200000,0,0.001,0,0.03,0,0,71.88 
1.83,66.30 ,126,55.845,1.55,66.3,127 ,54.938 ,3.03 ,0,0.00 ,5.42 ,17.699 ,0.042 ,70,30,0.05,150,20,250,200000,0,0.001,0,0.03,0,0,72.44 
1.83,66.30 ,126,55.845,1.55,66.3,127 ,54.938 ,3.03 ,0,0.00 ,5.42 ,17.699 ,0.042 ,70,30,0.05,150,30,250,200000,0,0.001,0,0.03,0,0,73.44 
1.83,66.30 ,126,55.845,1.55,66.3,127 ,54.938 ,3.03 ,0,0.00 ,5.42 ,17.699 ,0.042 ,70,30,0.05,150,40,250,200000,0,0.001,0,0.03,0,0,72.85 
1.83,66.30 ,126,55.845,1.55,66.3,127 ,54.938 ,3.03 ,0,0.00 ,5.42 ,17.699 ,0.042 ,70,30,0.05,150,50,250,200000,0,0.001,0,0.03,0,0,72.84 
1.83,66.30 ,126,55.845,1.55,66.3,127 ,54.938 ,3.03 ,0,0.00 ,5.42 ,17.699 ,0.042 ,70,30,0.05,150,60,250,200000,0,0.001,0,0.03,0,0,71.09 
1.83,66.30 ,126,55.845,1.55,66.3,127 ,54.938 ,3.03 ,0,0.00 ,5.42 ,17.699 ,0.042 ,70,30,0.05,150,70,250,200000,0,0.001,0,0.03,0,0,71.95 
1.83,66.30 ,126,55.845,1.55,66.3,127 ,54.938 ,3.03 ,0,0.00 ,5.42 ,17.699 ,0.042 ,70,30,0.05,150,80,250,200000,0,0.001,0,0.03,0,0,70.20 
1.83,66.30 ,126,55.845,1.55,66.3,127 ,54.938 ,3.03 ,0,0.00 ,5.42 ,17.699 ,0.042 ,70,30,0.05,150,90,250,200000,0,0.001,0,0.03,0,0,68.46 
1.83,66.30 ,126,55.845,1.55,66.3,127 ,54.938 ,3.03 ,0,0.00 ,5.42 ,17.699 ,0.042 ,70,30,0.05,150,100,250,200000,0,0.001,0,0.03,0,0,66.58 
1.83,66.30 ,126,55.845,1.55,66.3,127 ,54.938 ,3.03 ,0,0.00 ,5.42 ,17.699 ,0.042 ,70,30,0.05,150,110,250,200000,0,0.001,0,0.03,0,0,64.12 
1.83,66.30 ,126,55.845,1.55,66.3,127 ,54.938 ,3.03 ,0,0.00 ,5.42 ,17.699 ,0.042 ,70,30,0.05,150,120,250,200000,0,0.001,0,0.03,0,0,63.53 
1.83,81.67 ,126,55.845,1.55,36.07,127 ,54.938 ,3.16 ,1.12,45.60 ,45.40 ,11.868 ,0.269 ,76,24,0.05,150,10,250,200000,0,0.001,0,0.03,0,0,82.69 
1.83,81.67 ,126,55.845,1.55,36.07,127 ,54.938 ,3.16 ,1.12,45.60 ,45.40 ,11.868 ,0.269 ,76,24,0.05,150,20,250,200000,0,0.001,0,0.03,0,0,83.54 
1.83,81.67 ,126,55.845,1.55,36.07,127 ,54.938 ,3.16 ,1.12,45.60 ,45.40 ,11.868 ,0.269 ,76,24,0.05,150,30,250,200000,0,0.001,0,0.03,0,0,83.53 
1.83,81.67 ,126,55.845,1.55,36.07,127 ,54.938 ,3.16 ,1.12,45.60 ,45.40 ,11.868 ,0.269 ,76,24,0.05,150,40,250,200000,0,0.001,0,0.03,0,0,86.40 
1.83,81.67 ,126,55.845,1.55,36.07,127 ,54.938 ,3.16 ,1.12,45.60 ,45.40 ,11.868 ,0.269 ,76,24,0.05,150,50,250,200000,0,0.001,0,0.03,0,0,85.38 
1.83,81.67 ,126,55.845,1.55,36.07,127 ,54.938 ,3.16 ,1.12,45.60 ,45.40 ,11.868 ,0.269 ,76,24,0.05,150,60,250,200000,0,0.001,0,0.03,0,0,84.21 
1.83,81.67 ,126,55.845,1.55,36.07,127 ,54.938 ,3.16 ,1.12,45.60 ,45.40 ,11.868 ,0.269 ,76,24,0.05,150,70,250,200000,0,0.001,0,0.03,0,0,82.47 
1.83,81.67 ,126,55.845,1.55,36.07,127 ,54.938 ,3.16 ,1.12,45.60 ,45.40 ,11.868 ,0.269 ,76,24,0.05,150,80,250,200000,0,0.001,0,0.03,0,0,81.02 
1.83,81.67 ,126,55.845,1.55,36.07,127 ,54.938 ,3.16 ,1.12,45.60 ,45.40 ,11.868 ,0.269 ,76,24,0.05,150,90,250,200000,0,0.001,0,0.03,0,0,79.13 
1.83,81.67 ,126,55.845,1.55,36.07,127 ,54.938 ,3.16 ,1.12,45.60 ,45.40 ,11.868 ,0.269 ,76,24,0.05,150,100,250,200000,0,0.001,0,0.03,0,0,77.39 
1.83,81.67 ,126,55.845,1.55,36.07,127 ,54.938 ,3.16 ,1.12,45.60 ,45.40 ,11.868 ,0.269 ,76,24,0.05,150,110,250,200000,0,0.001,0,0.03,0,0,75.94 
1.83,81.67 ,126,55.845,1.55,36.07,127 ,54.938 ,3.16 ,1.12,45.60 ,45.40 ,11.868 ,0.269 ,76,24,0.05,150,120,250,200000,0,0.001,0,0.03,0,0,74.92 
1.55,76.02 ,127,54.938,1.66,23.98,128 ,51.996 ,3.89 ,0,0.00 ,46.61 ,146.026 ,0.316 ,62.16,37.84,0.3,120,10,55,150000,0,0,0.06,0,0,0,93.04 
1.55,76.02 ,127,54.938,1.66,23.98,128 ,51.996 ,3.89 ,0,0.00 ,46.61 ,146.026 ,0.316 ,62.16,37.84,0.3,120,20,55,150000,0,0,0.06,0,0,0,94.13 
1.55,76.02 ,127,54.938,1.66,23.98,128 ,51.996 ,3.89 ,0,0.00 ,46.61 ,146.026 ,0.316 ,62.16,37.84,0.3,120,30,55,150000,0,0,0.06,0,0,0,94.46 
1.55,76.02 ,127,54.938,1.66,23.98,128 ,51.996 ,3.89 ,0,0.00 ,46.61 ,146.026 ,0.316 ,62.16,37.84,0.3,120,40,55,150000,0,0,0.06,0,0,0,94.13 
1.55,76.02 ,127,54.938,1.66,23.98,128 ,51.996 ,3.89 ,0,0.00 ,46.61 ,146.026 ,0.316 ,62.16,37.84,0.3,120,50,55,150000,0,0,0.06,0,0,0,94.35 
1.55,76.02 ,127,54.938,1.66,23.98,128 ,51.996 ,3.89 ,0,0.00 ,46.61 ,146.026 ,0.316 ,62.16,37.84,0.3,120,60,55,150000,0,0,0.06,0,0,0,95.87 
1.55,76.02 ,127,54.938,1.66,23.98,128 ,51.996 ,3.89 ,0,0.00 ,46.61 ,146.026 ,0.316 ,62.16,37.84,0.3,120,70,55,150000,0,0.0005,0.06,0,0,0,95.11 
1.55,76.02 ,127,54.938,1.66,23.98,128 ,51.996 ,3.89 ,0,0.00 ,46.61 ,146.026 ,0.316 ,62.16,37.84,0.3,120,80,55,150000,0,0.0005,0.06,0,0,0,95.33 
1.55,76.02 ,127,54.938,1.66,23.98,128 ,51.996 ,3.89 ,0,0.00 ,46.61 ,146.026 ,0.316 ,62.16,37.84,0.3,120,90,55,150000,0,0.0005,0.06,0,0,0,95.11 
1.55,76.02 ,127,54.938,1.66,23.98,128 ,51.996 ,3.89 ,0,0.00 ,46.61 ,146.026 ,0.316 ,62.16,37.84,0.3,120,100,55,150000,0,0.0005,0.06,0,0,0,94.78 
1.55,76.02 ,127,54.938,1.66,23.98,128 ,51.996 ,3.89 ,0,0.00 ,46.61 ,146.026 ,0.316 ,62.16,37.84,0.3,120,110,55,150000,0,0.0005,0.06,0,0,0,94.57 
1.55,76.02 ,127,54.938,1.66,23.98,128 ,51.996 ,3.89 ,0,0.00 ,46.61 ,146.026 ,0.316 ,62.16,37.84,0.3,120,120,55,150000,0,0.0005,0.06,0,0,0,95.22 
1.55,76.02 ,127,54.938,1.66,23.98,128 ,51.996 ,3.89 ,0,0.00 ,46.61 ,146.026 ,0.316 ,62.16,37.84,0.3,120,130,55,150000,0,0,0.06,0,0,0,94.78 
1.55,76.02 ,127,54.938,1.66,23.98,128 ,51.996 ,3.89 ,0,0.00 ,46.61 ,146.026 ,0.316 ,62.16,37.84,0.3,120,140,55,150000,0,0,0.06,0,0,0,94.46 
1.55,76.02 ,127,54.938,1.66,23.98,128 ,51.996 ,3.89 ,0,0.00 ,46.61 ,146.026 ,0.316 ,62.16,37.84,0.3,120,150,55,150000,0,0,0.06,0,0,0,94.57 
1.55,76.02 ,127,54.938,1.66,23.98,128 ,51.996 ,3.89 ,0,0.00 ,46.61 ,146.026 ,0.316 ,62.16,37.84,0.3,120,160,55,150000,0,0,0.06,0,0,0,93.48 
1.55,76.02 ,127,54.938,1.66,23.98,128 ,51.996 ,3.89 ,0,0.00 ,46.61 ,146.026 ,0.316 ,62.16,37.84,0.3,120,170,55,150000,0,0,0.06,0,0,0,92.93 
1.55,76.02 ,127,54.938,1.66,23.98,128 ,51.996 ,3.89 ,0,0.00 ,46.61 ,146.026 ,0.316 ,62.16,37.84,0.3,120,180,55,150000,0,0,0.06,0,0,0,92.28 
1.55,100.00 ,127,54.938,0,0,0 ,0.000 ,0.00 ,0,0.00 ,21.48 ,132.000 ,0.164 ,78.5,21.5,0.3,120,10,55,150000,0,0,0.06,0,0,0,83.15 
1.55,100.00 ,127,54.938,0,0,0 ,0.000 ,0.00 ,0,0.00 ,21.48 ,132.000 ,0.164 ,78.5,21.5,0.3,120,20,55,150000,0,0,0.06,0,0,0,85.00 
1.55,100.00 ,127,54.938,0,0,0 ,0.000 ,0.00 ,0,0.00 ,21.48 ,132.000 ,0.164 ,78.5,21.5,0.3,120,30,55,150000,0,0,0.06,0,0,0,84.67 
1.55,100.00 ,127,54.938,0,0,0 ,0.000 ,0.00 ,0,0.00 ,21.48 ,132.000 ,0.164 ,78.5,21.5,0.3,120,40,55,150000,0,0,0.06,0,0,0,83.70 
1.55,100.00 ,127,54.938,0,0,0 ,0.000 ,0.00 ,0,0.00 ,21.48 ,132.000 ,0.164 ,78.5,21.5,0.3,120,50,55,150000,0,0,0.06,0,0,0,82.72 
1.55,100.00 ,127,54.938,0,0,0 ,0.000 ,0.00 ,0,0.00 ,21.48 ,132.000 ,0.164 ,78.5,21.5,0.3,120,60,55,150000,0,0,0.06,0,0,0,82.50 
1.55,100.00 ,127,54.938,0,0,0 ,0.000 ,0.00 ,0,0.00 ,21.48 ,132.000 ,0.164 ,78.5,21.5,0.3,120,70,55,150000,0,0.0005,0.06,0,0,0,90.54 
1.55,100.00 ,127,54.938,0,0,0 ,0.000 ,0.00 ,0,0.00 ,21.48 ,132.000 ,0.164 ,78.5,21.5,0.3,120,80,55,150000,0,0.0005,0.06,0,0,0,86.52 
1.55,100.00 ,127,54.938,0,0,0 ,0.000 ,0.00 ,0,0.00 ,21.48 ,132.000 ,0.164 ,78.5,21.5,0.3,120,90,55,150000,0,0.0005,0.06,0,0,0,79.57 
1.55,100.00 ,127,54.938,0,0,0 ,0.000 ,0.00 ,0,0.00 ,21.48 ,132.000 ,0.164 ,78.5,21.5,0.3,120,100,55,150000,0,0.0005,0.06,0,0,0,72.93 
1.55,100.00 ,127,54.938,0,0,0 ,0.000 ,0.00 ,0,0.00 ,21.48 ,132.000 ,0.164 ,78.5,21.5,0.3,120,110,55,150000,0,0.0005,0.06,0,0,0,69.02 
1.55,100.00 ,127,54.938,0,0,0 ,0.000 ,0.00 ,0,0.00 ,21.48 ,132.000 ,0.164 ,78.5,21.5,0.3,120,120,55,150000,0,0.0005,0.06,0,0,0,67.17 
1.55,100.00 ,127,54.938,0,0,0 ,0.000 ,0.00 ,0,0.00 ,21.48 ,132.000 ,0.164 ,78.5,21.5,0.3,120,130,55,150000,0,0,0.06,0,0,0,69.67 
1.55,100.00 ,127,54.938,0,0,0 ,0.000 ,0.00 ,0,0.00 ,21.48 ,132.000 ,0.164 ,78.5,21.5,0.3,120,140,55,150000,0,0,0.06,0,0,0,71.85 
1.55,100.00 ,127,54.938,0,0,0 ,0.000 ,0.00 ,0,0.00 ,21.48 ,132.000 ,0.164 ,78.5,21.5,0.3,120,150,55,150000,0,0,0.06,0,0,0,74.67 
1.55,100.00 ,127,54.938,0,0,0 ,0.000 ,0.00 ,0,0.00 ,21.48 ,132.000 ,0.164 ,78.5,21.5,0.3,120,160,55,150000,0,0,0.06,0,0,0,76.20 
1.55,100.00 ,127,54.938,0,0,0 ,0.000 ,0.00 ,0,0.00 ,21.48 ,132.000 ,0.164 ,78.5,21.5,0.3,120,170,55,150000,0,0,0.06,0,0,0,77.17 
1.55,100.00 ,127,54.938,0,0,0 ,0.000 ,0.00 ,0,0.00 ,21.48 ,132.000 ,0.164 ,78.5,21.5,0.3,120,180,55,150000,0,0,0.06,0,0,0,78.80 
1.55,51.38 ,127,54.938,1.66,48.62,128 ,51.996 ,3.95 ,0,0.00 ,44.63 ,146.500 ,0.287 ,73.6,24.4,0.3,120,10,55,150000,0,0,0.06,0,0,0,76.37 
1.55,51.38 ,127,54.938,1.66,48.62,128 ,51.996 ,3.95 ,0,0.00 ,44.63 ,146.500 ,0.287 ,73.6,24.4,0.3,120,20,55,150000,0,0,0.06,0,0,0,88.46 
1.55,51.38 ,127,54.938,1.66,48.62,128 ,51.996 ,3.95 ,0,0.00 ,44.63 ,146.500 ,0.287 ,73.6,24.4,0.3,120,30,55,150000,0,0,0.06,0,0,0,88.79 
1.55,51.38 ,127,54.938,1.66,48.62,128 ,51.996 ,3.95 ,0,0.00 ,44.63 ,146.500 ,0.287 ,73.6,24.4,0.3,120,40,55,150000,0,0,0.06,0,0,0,88.68 
1.55,51.38 ,127,54.938,1.66,48.62,128 ,51.996 ,3.95 ,0,0.00 ,44.63 ,146.500 ,0.287 ,73.6,24.4,0.3,120,50,55,150000,0,0,0.06,0,0,0,88.68 
1.55,51.38 ,127,54.938,1.66,48.62,128 ,51.996 ,3.95 ,0,0.00 ,44.63 ,146.500 ,0.287 ,73.6,24.4,0.3,120,60,55,150000,0,0,0.06,0,0,0,88.46 
1.55,51.38 ,127,54.938,1.66,48.62,128 ,51.996 ,3.95 ,0,0.00 ,44.63 ,146.500 ,0.287 ,73.6,24.4,0.3,120,70,55,150000,0,0,0.06,0,0,0,87.69 
1.55,51.38 ,127,54.938,1.66,48.62,128 ,51.996 ,3.95 ,0,0.00 ,44.63 ,146.500 ,0.287 ,73.6,24.4,0.3,120,80,55,150000,0,0,0.06,0,0,0,88.68 
1.55,51.38 ,127,54.938,1.66,48.62,128 ,51.996 ,3.95 ,0,0.00 ,44.63 ,146.500 ,0.287 ,73.6,24.4,0.3,120,90,55,150000,0,0,0.06,0,0,0,88.79 
1.55,51.38 ,127,54.938,1.66,48.62,128 ,51.996 ,3.95 ,0,0.00 ,44.63 ,146.500 ,0.287 ,73.6,24.4,0.3,120,100,55,150000,0,0,0.06,0,0,0,87.58 
1.55,51.38 ,127,54.938,1.66,48.62,128 ,51.996 ,3.95 ,0,0.00 ,44.63 ,146.500 ,0.287 ,73.6,24.4,0.3,120,110,55,150000,0,0,0.06,0,0,0,87.03 
1.55,51.38 ,127,54.938,1.66,48.62,128 ,51.996 ,3.95 ,0,0.00 ,44.63 ,146.500 ,0.287 ,73.6,24.4,0.3,120,120,55,150000,0,0,0.06,0,0,0,87.03 
1.55,51.38 ,127,54.938,1.66,48.62,128 ,51.996 ,3.95 ,0,0.00 ,44.63 ,146.500 ,0.287 ,73.6,24.4,0.3,120,130,55,150000,0,0,0.06,0,0,0,86.92 
1.55,51.38 ,127,54.938,1.66,48.62,128 ,51.996 ,3.95 ,0,0.00 ,44.63 ,146.500 ,0.287 ,73.6,24.4,0.3,120,140,55,150000,0,0,0.06,0,0,0,86.04 
1.55,51.38 ,127,54.938,1.66,48.62,128 ,51.996 ,3.95 ,0,0.00 ,44.63 ,146.500 ,0.287 ,73.6,24.4,0.3,120,150,55,150000,0,0,0.06,0,0,0,84.51 
1.55,51.38 ,127,54.938,1.66,48.62,128 ,51.996 ,3.95 ,0,0.00 ,44.63 ,146.500 ,0.287 ,73.6,24.4,0.3,120,160,55,150000,0,0,0.06,0,0,0,83.96 
1.55,51.38 ,127,54.938,1.66,48.62,128 ,51.996 ,3.95 ,0,0.00 ,44.63 ,146.500 ,0.287 ,73.6,24.4,0.3,120,170,55,150000,0,0,0.06,0,0,0,83.52 
1.55,51.38 ,127,54.938,1.66,48.62,128 ,51.996 ,3.95 ,0,0.00 ,44.63 ,146.500 ,0.287 ,73.6,24.4,0.3,120,180,55,150000,0,0,0.06,0,0,0,83.08 
1.55,51.38 ,127,54.938,1.66,48.62,128 ,51.996 ,3.95 ,0,0.00 ,44.63 ,146.500 ,0.287 ,73.6,24.4,0.3,120,10,55,150000,0,0.00025,0.06,0,0,0,84.18 
1.55,51.38 ,127,54.938,1.66,48.62,128 ,51.996 ,3.95 ,0,0.00 ,44.63 ,146.500 ,0.287 ,73.6,24.4,0.3,120,20,55,150000,0,0.00025,0.06,0,0,0,94.62 
1.55,51.38 ,127,54.938,1.66,48.62,128 ,51.996 ,3.95 ,0,0.00 ,44.63 ,146.500 ,0.287 ,73.6,24.4,0.3,120,30,55,150000,0,0.00025,0.06,0,0,0,94.62 
1.55,51.38 ,127,54.938,1.66,48.62,128 ,51.996 ,3.95 ,0,0.00 ,44.63 ,146.500 ,0.287 ,73.6,24.4,0.3,120,40,55,150000,0,0.00025,0.06,0,0,0,92.42 
1.55,51.38 ,127,54.938,1.66,48.62,128 ,51.996 ,3.95 ,0,0.00 ,44.63 ,146.500 ,0.287 ,73.6,24.4,0.3,120,50,55,150000,0,0.00025,0.06,0,0,0,91.65 
1.55,51.38 ,127,54.938,1.66,48.62,128 ,51.996 ,3.95 ,0,0.00 ,44.63 ,146.500 ,0.287 ,73.6,24.4,0.3,120,60,55,150000,0,0.00025,0.06,0,0,0,91.21 
1.55,51.38 ,127,54.938,1.66,48.62,128 ,51.996 ,3.95 ,0,0.00 ,44.63 ,146.500 ,0.287 ,73.6,24.4,0.3,120,70,55,150000,0,0.00025,0.06,0,0,0,89.34 
1.55,51.38 ,127,54.938,1.66,48.62,128 ,51.996 ,3.95 ,0,0.00 ,44.63 ,146.500 ,0.287 ,73.6,24.4,0.3,120,80,55,150000,0,0.00025,0.06,0,0,0,87.80 
1.55,51.38 ,127,54.938,1.66,48.62,128 ,51.996 ,3.95 ,0,0.00 ,44.63 ,146.500 ,0.287 ,73.6,24.4,0.3,120,90,55,150000,0,0.00025,0.06,0,0,0,85.93 
1.55,51.38 ,127,54.938,1.66,48.62,128 ,51.996 ,3.95 ,0,0.00 ,44.63 ,146.500 ,0.287 ,73.6,24.4,0.3,120,100,55,150000,0,0.00025,0.06,0,0,0,85.60 
1.55,51.38 ,127,54.938,1.66,48.62,128 ,51.996 ,3.95 ,0,0.00 ,44.63 ,146.500 ,0.287 ,73.6,24.4,0.3,120,110,55,150000,0,0.00025,0.06,0,0,0,85.16 
1.55,51.38 ,127,54.938,1.66,48.62,128 ,51.996 ,3.95 ,0,0.00 ,44.63 ,146.500 ,0.287 ,73.6,24.4,0.3,120,120,55,150000,0,0.00025,0.06,0,0,0,84.51 
1.55,51.38 ,127,54.938,1.66,48.62,128 ,51.996 ,3.95 ,0,0.00 ,44.63 ,146.500 ,0.287 ,73.6,24.4,0.3,120,130,55,150000,0,0.00025,0.06,0,0,0,84.18 
1.55,51.38 ,127,54.938,1.66,48.62,128 ,51.996 ,3.95 ,0,0.00 ,44.63 ,146.500 ,0.287 ,73.6,24.4,0.3,120,140,55,150000,0,0.00025,0.06,0,0,0,83.74 
1.55,51.38 ,127,54.938,1.66,48.62,128 ,51.996 ,3.95 ,0,0.00 ,44.63 ,146.500 ,0.287 ,73.6,24.4,0.3,120,150,55,150000,0,0.00025,0.06,0,0,0,83.19 
1.55,51.38 ,127,54.938,1.66,48.62,128 ,51.996 ,3.95 ,0,0.00 ,44.63 ,146.500 ,0.287 ,73.6,24.4,0.3,120,160,55,150000,0,0.00025,0.06,0,0,0,82.86 
1.55,51.38 ,127,54.938,1.66,48.62,128 ,51.996 ,3.95 ,0,0.00 ,44.63 ,146.500 ,0.287 ,73.6,24.4,0.3,120,170,55,150000,0,0.00025,0.06,0,0,0,81.76 
1.55,51.38 ,127,54.938,1.66,48.62,128 ,51.996 ,3.95 ,0,0.00 ,44.63 ,146.500 ,0.287 ,73.6,24.4,0.3,120,180,55,150000,0,0.00025,0.06,0,0,0,79.67 
1.55,51.38 ,127,54.938,1.66,48.62,128 ,51.996 ,3.95 ,0,0.00 ,44.63 ,146.500 ,0.287 ,73.6,24.4,0.3,120,10,55,150000,0,0.0005,0.06,0,0,0,76.59 
1.55,51.38 ,127,54.938,1.66,48.62,128 ,51.996 ,3.95 ,0,0.00 ,44.63 ,146.500 ,0.287 ,73.6,24.4,0.3,120,20,55,150000,0,0.0005,0.06,0,0,0,93.41 
1.55,51.38 ,127,54.938,1.66,48.62,128 ,51.996 ,3.95 ,0,0.00 ,44.63 ,146.500 ,0.287 ,73.6,24.4,0.3,120,30,55,150000,0,0.0005,0.06,0,0,0,91.21 
1.55,51.38 ,127,54.938,1.66,48.62,128 ,51.996 ,3.95 ,0,0.00 ,44.63 ,146.500 ,0.287 ,73.6,24.4,0.3,120,40,55,150000,0,0.0005,0.06,0,0,0,89.78 
1.55,51.38 ,127,54.938,1.66,48.62,128 ,51.996 ,3.95 ,0,0.00 ,44.63 ,146.500 ,0.287 ,73.6,24.4,0.3,120,50,55,150000,0,0.0005,0.06,0,0,0,88.57 
1.55,51.38 ,127,54.938,1.66,48.62,128 ,51.996 ,3.95 ,0,0.00 ,44.63 ,146.500 ,0.287 ,73.6,24.4,0.3,120,60,55,150000,0,0.0005,0.06,0,0,0,88.57 
1.55,51.38 ,127,54.938,1.66,48.62,128 ,51.996 ,3.95 ,0,0.00 ,44.63 ,146.500 ,0.287 ,73.6,24.4,0.3,120,70,55,150000,0,0.0005,0.06,0,0,0,88.57 
1.55,51.38 ,127,54.938,1.66,48.62,128 ,51.996 ,3.95 ,0,0.00 ,44.63 ,146.500 ,0.287 ,73.6,24.4,0.3,120,80,55,150000,0,0.0005,0.06,0,0,0,88.46 
1.55,51.38 ,127,54.938,1.66,48.62,128 ,51.996 ,3.95 ,0,0.00 ,44.63 ,146.500 ,0.287 ,73.6,24.4,0.3,120,90,55,150000,0,0.0005,0.06,0,0,0,88.35 
1.55,51.38 ,127,54.938,1.66,48.62,128 ,51.996 ,3.95 ,0,0.00 ,44.63 ,146.500 ,0.287 ,73.6,24.4,0.3,120,100,55,150000,0,0.0005,0.06,0,0,0,88.13 
1.55,51.38 ,127,54.938,1.66,48.62,128 ,51.996 ,3.95 ,0,0.00 ,44.63 ,146.500 ,0.287 ,73.6,24.4,0.3,120,110,55,150000,0,0.0005,0.06,0,0,0,88.68 
1.55,51.38 ,127,54.938,1.66,48.62,128 ,51.996 ,3.95 ,0,0.00 ,44.63 ,146.500 ,0.287 ,73.6,24.4,0.3,120,120,55,150000,0,0.0005,0.06,0,0,0,89.23 
1.55,51.38 ,127,54.938,1.66,48.62,128 ,51.996 ,3.95 ,0,0.00 ,44.63 ,146.500 ,0.287 ,73.6,24.4,0.3,120,130,55,150000,0,0.0005,0.06,0,0,0,87.69 
1.55,51.38 ,127,54.938,1.66,48.62,128 ,51.996 ,3.95 ,0,0.00 ,44.63 ,146.500 ,0.287 ,73.6,24.4,0.3,120,140,55,150000,0,0.0005,0.06,0,0,0,87.14 
1.55,51.38 ,127,54.938,1.66,48.62,128 ,51.996 ,3.95 ,0,0.00 ,44.63 ,146.500 ,0.287 ,73.6,24.4,0.3,120,150,55,150000,0,0.0005,0.06,0,0,0,87.14 
1.55,51.38 ,127,54.938,1.66,48.62,128 ,51.996 ,3.95 ,0,0.00 ,44.63 ,146.500 ,0.287 ,73.6,24.4,0.3,120,160,55,150000,0,0.0005,0.06,0,0,0,87.14 
1.55,51.38 ,127,54.938,1.66,48.62,128 ,51.996 ,3.95 ,0,0.00 ,44.63 ,146.500 ,0.287 ,73.6,24.4,0.3,120,170,55,150000,0,0.0005,0.06,0,0,0,87.14 
1.55,51.38 ,127,54.938,1.66,48.62,128 ,51.996 ,3.95 ,0,0.00 ,44.63 ,146.500 ,0.287 ,73.6,24.4,0.3,120,180,55,150000,0,0.0005,0.06,0,0,0,86.81 
1.55,51.38 ,127,54.938,1.66,48.62,128 ,51.996 ,3.95 ,0,0.00 ,44.63 ,146.500 ,0.287 ,73.6,24.4,0.3,120,10,55,150000,0,0.00075,0.06,0,0,0,92.09 
1.55,51.38 ,127,54.938,1.66,48.62,128 ,51.996 ,3.95 ,0,0.00 ,44.63 ,146.500 ,0.287 ,73.6,24.4,0.3,120,20,55,150000,0,0.00075,0.06,0,0,0,95.71 
1.55,51.38 ,127,54.938,1.66,48.62,128 ,51.996 ,3.95 ,0,0.00 ,44.63 ,146.500 ,0.287 ,73.6,24.4,0.3,120,30,55,150000,0,0.00075,0.06,0,0,0,93.52 
1.55,51.38 ,127,54.938,1.66,48.62,128 ,51.996 ,3.95 ,0,0.00 ,44.63 ,146.500 ,0.287 ,73.6,24.4,0.3,120,40,55,150000,0,0.00075,0.06,0,0,0,92.09 
1.55,51.38 ,127,54.938,1.66,48.62,128 ,51.996 ,3.95 ,0,0.00 ,44.63 ,146.500 ,0.287 ,73.6,24.4,0.3,120,50,55,150000,0,0.00075,0.06,0,0,0,87.69 
1.55,51.38 ,127,54.938,1.66,48.62,128 ,51.996 ,3.95 ,0,0.00 ,44.63 ,146.500 ,0.287 ,73.6,24.4,0.3,120,60,55,150000,0,0.00075,0.06,0,0,0,86.37 
1.55,51.38 ,127,54.938,1.66,48.62,128 ,51.996 ,3.95 ,0,0.00 ,44.63 ,146.500 ,0.287 ,73.6,24.4,0.3,120,70,55,150000,0,0.00075,0.06,0,0,0,84.95 
1.55,51.38 ,127,54.938,1.66,48.62,128 ,51.996 ,3.95 ,0,0.00 ,44.63 ,146.500 ,0.287 ,73.6,24.4,0.3,120,80,55,150000,0,0.00075,0.06,0,0,0,82.97 
1.55,51.38 ,127,54.938,1.66,48.62,128 ,51.996 ,3.95 ,0,0.00 ,44.63 ,146.500 ,0.287 ,73.6,24.4,0.3,120,90,55,150000,0,0.00075,0.06,0,0,0,82.97 
1.55,51.38 ,127,54.938,1.66,48.62,128 ,51.996 ,3.95 ,0,0.00 ,44.63 ,146.500 ,0.287 ,73.6,24.4,0.3,120,100,55,150000,0,0.00075,0.06,0,0,0,82.31 
1.55,51.38 ,127,54.938,1.66,48.62,128 ,51.996 ,3.95 ,0,0.00 ,44.63 ,146.500 ,0.287 ,73.6,24.4,0.3,120,110,55,150000,0,0.00075,0.06,0,0,0,81.76 
1.55,51.38 ,127,54.938,1.66,48.62,128 ,51.996 ,3.95 ,0,0.00 ,44.63 ,146.500 ,0.287 ,73.6,24.4,0.3,120,120,55,150000,0,0.00075,0.06,0,0,0,81.21 
1.55,51.38 ,127,54.938,1.66,48.62,128 ,51.996 ,3.95 ,0,0.00 ,44.63 ,146.500 ,0.287 ,73.6,24.4,0.3,120,130,55,150000,0,0.00075,0.06,0,0,0,79.56 
1.55,51.38 ,127,54.938,1.66,48.62,128 ,51.996 ,3.95 ,0,0.00 ,44.63 ,146.500 ,0.287 ,73.6,24.4,0.3,120,140,55,150000,0,0.00075,0.06,0,0,0,78.57 
1.55,51.38 ,127,54.938,1.66,48.62,128 ,51.996 ,3.95 ,0,0.00 ,44.63 ,146.500 ,0.287 ,73.6,24.4,0.3,120,150,55,150000,0,0.00075,0.06,0,0,0,77.25 
1.55,51.38 ,127,54.938,1.66,48.62,128 ,51.996 ,3.95 ,0,0.00 ,44.63 ,146.500 ,0.287 ,73.6,24.4,0.3,120,160,55,150000,0,0.00075,0.06,0,0,0,76.48 
1.55,51.38 ,127,54.938,1.66,48.62,128 ,51.996 ,3.95 ,0,0.00 ,44.63 ,146.500 ,0.287 ,73.6,24.4,0.3,120,170,55,150000,0,0.00075,0.06,0,0,0,76.37 
1.55,51.38 ,127,54.938,1.66,48.62,128 ,51.996 ,3.95 ,0,0.00 ,44.63 ,146.500 ,0.287 ,73.6,24.4,0.3,120,180,55,150000,0,0.00075,0.06,0,0,0,75.82 
1.55,51.38 ,127,54.938,1.66,48.62,128 ,51.996 ,3.95 ,0,0.00 ,44.63 ,146.500 ,0.287 ,73.6,24.4,0.3,120,10,55,150000,0,0.001,0.06,0,0,0,66.37 
1.55,51.38 ,127,54.938,1.66,48.62,128 ,51.996 ,3.95 ,0,0.00 ,44.63 ,146.500 ,0.287 ,73.6,24.4,0.3,120,20,55,150000,0,0.001,0.06,0,0,0,91.65 
1.55,51.38 ,127,54.938,1.66,48.62,128 ,51.996 ,3.95 ,0,0.00 ,44.63 ,146.500 ,0.287 ,73.6,24.4,0.3,120,30,55,150000,0,0.001,0.06,0,0,0,90.33 
1.55,51.38 ,127,54.938,1.66,48.62,128 ,51.996 ,3.95 ,0,0.00 ,44.63 ,146.500 ,0.287 ,73.6,24.4,0.3,120,40,55,150000,0,0.001,0.06,0,0,0,88.57 
1.55,51.38 ,127,54.938,1.66,48.62,128 ,51.996 ,3.95 ,0,0.00 ,44.63 ,146.500 ,0.287 ,73.6,24.4,0.3,120,50,55,150000,0,0.001,0.06,0,0,0,87.36 
1.55,51.38 ,127,54.938,1.66,48.62,128 ,51.996 ,3.95 ,0,0.00 ,44.63 ,146.500 ,0.287 ,73.6,24.4,0.3,120,60,55,150000,0,0.001,0.06,0,0,0,86.48 
1.55,51.38 ,127,54.938,1.66,48.62,128 ,51.996 ,3.95 ,0,0.00 ,44.63 ,146.500 ,0.287 ,73.6,24.4,0.3,120,70,55,150000,0,0.001,0.06,0,0,0,86.26 
1.55,51.38 ,127,54.938,1.66,48.62,128 ,51.996 ,3.95 ,0,0.00 ,44.63 ,146.500 ,0.287 ,73.6,24.4,0.3,120,80,55,150000,0,0.001,0.06,0,0,0,84.95 
1.55,51.38 ,127,54.938,1.66,48.62,128 ,51.996 ,3.95 ,0,0.00 ,44.63 ,146.500 ,0.287 ,73.6,24.4,0.3,120,90,55,150000,0,0.001,0.06,0,0,0,83.19 
1.55,51.38 ,127,54.938,1.66,48.62,128 ,51.996 ,3.95 ,0,0.00 ,44.63 ,146.500 ,0.287 ,73.6,24.4,0.3,120,100,55,150000,0,0.001,0.06,0,0,0,82.64 
1.55,51.38 ,127,54.938,1.66,48.62,128 ,51.996 ,3.95 ,0,0.00 ,44.63 ,146.500 ,0.287 ,73.6,24.4,0.3,120,110,55,150000,0,0.001,0.06,0,0,0,82.75 
1.55,51.38 ,127,54.938,1.66,48.62,128 ,51.996 ,3.95 ,0,0.00 ,44.63 ,146.500 ,0.287 ,73.6,24.4,0.3,120,120,55,150000,0,0.001,0.06,0,0,0,81.43 
1.55,51.38 ,127,54.938,1.66,48.62,128 ,51.996 ,3.95 ,0,0.00 ,44.63 ,146.500 ,0.287 ,73.6,24.4,0.3,120,130,55,150000,0,0.001,0.06,0,0,0,81.43 
1.55,51.38 ,127,54.938,1.66,48.62,128 ,51.996 ,3.95 ,0,0.00 ,44.63 ,146.500 ,0.287 ,73.6,24.4,0.3,120,140,55,150000,0,0.001,0.06,0,0,0,78.79 
1.55,51.38 ,127,54.938,1.66,48.62,128 ,51.996 ,3.95 ,0,0.00 ,44.63 ,146.500 ,0.287 ,73.6,24.4,0.3,120,150,55,150000,0,0.001,0.06,0,0,0,79.56 
1.55,51.38 ,127,54.938,1.66,48.62,128 ,51.996 ,3.95 ,0,0.00 ,44.63 ,146.500 ,0.287 ,73.6,24.4,0.3,120,160,55,150000,0,0.001,0.06,0,0,0,78.24 
1.55,51.38 ,127,54.938,1.66,48.62,128 ,51.996 ,3.95 ,0,0.00 ,44.63 ,146.500 ,0.287 ,73.6,24.4,0.3,120,170,55,150000,0,0.001,0.06,0,0,0,75.82 
1.55,51.38 ,127,54.938,1.66,48.62,128 ,51.996 ,3.95 ,0,0.00 ,44.63 ,146.500 ,0.287 ,73.6,24.4,0.3,120,180,55,150000,0,0.001,0.06,0,0,0,74.07 
1.55,51.38 ,127,54.938,1.66,48.62,128 ,51.996 ,3.95 ,0,0.00 ,44.63 ,146.500 ,0.287 ,73.6,24.4,0.3,120,10,55,150000,0,0.0015,0.06,0,0,0,64.62 
1.55,51.38 ,127,54.938,1.66,48.62,128 ,51.996 ,3.95 ,0,0.00 ,44.63 ,146.500 ,0.287 ,73.6,24.4,0.3,120,20,55,150000,0,0.0015,0.06,0,0,0,83.74 
1.55,51.38 ,127,54.938,1.66,48.62,128 ,51.996 ,3.95 ,0,0.00 ,44.63 ,146.500 ,0.287 ,73.6,24.4,0.3,120,30,55,150000,0,0.0015,0.06,0,0,0,84.73 
1.55,51.38 ,127,54.938,1.66,48.62,128 ,51.996 ,3.95 ,0,0.00 ,44.63 ,146.500 ,0.287 ,73.6,24.4,0.3,120,40,55,150000,0,0.0015,0.06,0,0,0,84.73 
1.55,51.38 ,127,54.938,1.66,48.62,128 ,51.996 ,3.95 ,0,0.00 ,44.63 ,146.500 ,0.287 ,73.6,24.4,0.3,120,50,55,150000,0,0.0015,0.06,0,0,0,85.93 
1.55,51.38 ,127,54.938,1.66,48.62,128 ,51.996 ,3.95 ,0,0.00 ,44.63 ,146.500 ,0.287 ,73.6,24.4,0.3,120,60,55,150000,0,0.0015,0.06,0,0,0,83.52 
1.55,51.38 ,127,54.938,1.66,48.62,128 ,51.996 ,3.95 ,0,0.00 ,44.63 ,146.500 ,0.287 ,73.6,24.4,0.3,120,70,55,150000,0,0.0015,0.06,0,0,0,82.75 
1.55,51.38 ,127,54.938,1.66,48.62,128 ,51.996 ,3.95 ,0,0.00 ,44.63 ,146.500 ,0.287 ,73.6,24.4,0.3,120,80,55,150000,0,0.0015,0.06,0,0,0,81.54 
1.55,51.38 ,127,54.938,1.66,48.62,128 ,51.996 ,3.95 ,0,0.00 ,44.63 ,146.500 ,0.287 ,73.6,24.4,0.3,120,90,55,150000,0,0.0015,0.06,0,0,0,81.10 
1.55,51.38 ,127,54.938,1.66,48.62,128 ,51.996 ,3.95 ,0,0.00 ,44.63 ,146.500 ,0.287 ,73.6,24.4,0.3,120,100,55,150000,0,0.0015,0.06,0,0,0,80.99 
1.55,51.38 ,127,54.938,1.66,48.62,128 ,51.996 ,3.95 ,0,0.00 ,44.63 ,146.500 ,0.287 ,73.6,24.4,0.3,120,110,55,150000,0,0.0015,0.06,0,0,0,80.22 
1.55,51.38 ,127,54.938,1.66,48.62,128 ,51.996 ,3.95 ,0,0.00 ,44.63 ,146.500 ,0.287 ,73.6,24.4,0.3,120,120,55,150000,0,0.0015,0.06,0,0,0,78.57 
1.55,51.38 ,127,54.938,1.66,48.62,128 ,51.996 ,3.95 ,0,0.00 ,44.63 ,146.500 ,0.287 ,73.6,24.4,0.3,120,130,55,150000,0,0.0015,0.06,0,0,0,74.07 
1.55,51.38 ,127,54.938,1.66,48.62,128 ,51.996 ,3.95 ,0,0.00 ,44.63 ,146.500 ,0.287 ,73.6,24.4,0.3,120,140,55,150000,0,0.0015,0.06,0,0,0,73.41 
1.55,51.38 ,127,54.938,1.66,48.62,128 ,51.996 ,3.95 ,0,0.00 ,44.63 ,146.500 ,0.287 ,73.6,24.4,0.3,120,150,55,150000,0,0.0015,0.06,0,0,0,71.98 
1.55,51.38 ,127,54.938,1.66,48.62,128 ,51.996 ,3.95 ,0,0.00 ,44.63 ,146.500 ,0.287 ,73.6,24.4,0.3,120,160,55,150000,0,0.0015,0.06,0,0,0,70.66 
1.55,51.38 ,127,54.938,1.66,48.62,128 ,51.996 ,3.95 ,0,0.00 ,44.63 ,146.500 ,0.287 ,73.6,24.4,0.3,120,170,55,150000,0,0.0015,0.06,0,0,0,65.82 
1.55,51.38 ,127,54.938,1.66,48.62,128 ,51.996 ,3.95 ,0,0.00 ,44.63 ,146.500 ,0.287 ,73.6,24.4,0.3,120,180,55,150000,0,0.0015,0.06,0,0,0,61.32 
1.55,51.38 ,127,54.938,1.66,48.62,128 ,51.996 ,3.95 ,0,0.00 ,44.63 ,146.500 ,0.287 ,73.6,24.4,0.3,50,10,55,150000,0,0,0.06,0,0,0,88.54 
1.55,51.38 ,127,54.938,1.66,48.62,128 ,51.996 ,3.95 ,0,0.00 ,44.63 ,146.500 ,0.287 ,73.6,24.4,0.3,50,20,55,150000,0,0,0.06,0,0,0,96.25 
1.55,51.38 ,127,54.938,1.66,48.62,128 ,51.996 ,3.95 ,0,0.00 ,44.63 ,146.500 ,0.287 ,73.6,24.4,0.3,50,30,55,150000,0,0,0.06,0,0,0,96.57 
1.55,51.38 ,127,54.938,1.66,48.62,128 ,51.996 ,3.95 ,0,0.00 ,44.63 ,146.500 ,0.287 ,73.6,24.4,0.3,50,40,55,150000,0,0,0.06,0,0,0,96.47 
1.55,51.38 ,127,54.938,1.66,48.62,128 ,51.996 ,3.95 ,0,0.00 ,44.63 ,146.500 ,0.287 ,73.6,24.4,0.3,50,50,55,150000,0,0,0.06,0,0,0,96.25 
1.55,51.38 ,127,54.938,1.66,48.62,128 ,51.996 ,3.95 ,0,0.00 ,44.63 ,146.500 ,0.287 ,73.6,24.4,0.3,50,60,55,150000,0,0,0.06,0,0,0,96.04 
1.55,51.38 ,127,54.938,1.66,48.62,128 ,51.996 ,3.95 ,0,0.00 ,44.63 ,146.500 ,0.287 ,73.6,24.4,0.3,50,70,55,150000,0,0.0005,0.06,0,0,0,98.29 
1.55,51.38 ,127,54.938,1.66,48.62,128 ,51.996 ,3.95 ,0,0.00 ,44.63 ,146.500 ,0.287 ,73.6,24.4,0.3,50,80,55,150000,0,0.0005,0.06,0,0,0,98.18 
1.55,51.38 ,127,54.938,1.66,48.62,128 ,51.996 ,3.95 ,0,0.00 ,44.63 ,146.500 ,0.287 ,73.6,24.4,0.3,50,90,55,150000,0,0.0005,0.06,0,0,0,98.29 
1.55,51.38 ,127,54.938,1.66,48.62,128 ,51.996 ,3.95 ,0,0.00 ,44.63 ,146.500 ,0.287 ,73.6,24.4,0.3,50,100,55,150000,0,0.0005,0.06,0,0,0,98.07 
1.55,51.38 ,127,54.938,1.66,48.62,128 ,51.996 ,3.95 ,0,0.00 ,44.63 ,146.500 ,0.287 ,73.6,24.4,0.3,50,110,55,150000,0,0.0005,0.06,0,0,0,97.11 
1.55,51.38 ,127,54.938,1.66,48.62,128 ,51.996 ,3.95 ,0,0.00 ,44.63 ,146.500 ,0.287 ,73.6,24.4,0.3,50,120,55,150000,0,0.0005,0.06,0,0,0,97.22 
1.55,51.38 ,127,54.938,1.66,48.62,128 ,51.996 ,3.95 ,0,0.00 ,44.63 ,146.500 ,0.287 ,73.6,24.4,0.3,50,130,55,150000,0,0,0.06,0,0,0,97.11 
1.55,51.38 ,127,54.938,1.66,48.62,128 ,51.996 ,3.95 ,0,0.00 ,44.63 ,146.500 ,0.287 ,73.6,24.4,0.3,50,140,55,150000,0,0,0.06,0,0,0,96.68 
1.55,51.38 ,127,54.938,1.66,48.62,128 ,51.996 ,3.95 ,0,0.00 ,44.63 ,146.500 ,0.287 ,73.6,24.4,0.3,50,150,55,150000,0,0,0.06,0,0,0,96.47 
1.55,51.38 ,127,54.938,1.66,48.62,128 ,51.996 ,3.95 ,0,0.00 ,44.63 ,146.500 ,0.287 ,73.6,24.4,0.3,50,160,55,150000,0,0,0.06,0,0,0,96.36 
1.55,51.38 ,127,54.938,1.66,48.62,128 ,51.996 ,3.95 ,0,0.00 ,44.63 ,146.500 ,0.287 ,73.6,24.4,0.3,50,170,55,150000,0,0,0.06,0,0,0,97.22 
1.55,51.38 ,127,54.938,1.66,48.62,128 ,51.996 ,3.95 ,0,0.00 ,44.63 ,146.500 ,0.287 ,73.6,24.4,0.3,50,180,55,150000,0,0,0.06,0,0,0,97.64 
1.55,51.38 ,127,54.938,1.66,48.62,128 ,51.996 ,3.95 ,0,0.00 ,44.63 ,146.500 ,0.287 ,73.6,24.4,0.3,100,10,55,150000,0,0,0.06,0,0,0,93.58 
1.55,51.38 ,127,54.938,1.66,48.62,128 ,51.996 ,3.95 ,0,0.00 ,44.63 ,146.500 ,0.287 ,73.6,24.4,0.3,100,20,55,150000,0,0,0.06,0,0,0,97.64 
1.55,51.38 ,127,54.938,1.66,48.62,128 ,51.996 ,3.95 ,0,0.00 ,44.63 ,146.500 ,0.287 ,73.6,24.4,0.3,100,30,55,150000,0,0,0.06,0,0,0,98.29 
1.55,51.38 ,127,54.938,1.66,48.62,128 ,51.996 ,3.95 ,0,0.00 ,44.63 ,146.500 ,0.287 ,73.6,24.4,0.3,100,40,55,150000,0,0,0.06,0,0,0,97.75 
1.55,51.38 ,127,54.938,1.66,48.62,128 ,51.996 ,3.95 ,0,0.00 ,44.63 ,146.500 ,0.287 ,73.6,24.4,0.3,100,50,55,150000,0,0,0.06,0,0,0,97.43 
1.55,51.38 ,127,54.938,1.66,48.62,128 ,51.996 ,3.95 ,0,0.00 ,44.63 ,146.500 ,0.287 ,73.6,24.4,0.3,100,60,55,150000,0,0,0.06,0,0,0,96.57 
1.55,51.38 ,127,54.938,1.66,48.62,128 ,51.996 ,3.95 ,0,0.00 ,44.63 ,146.500 ,0.287 ,73.6,24.4,0.3,100,70,55,150000,0,0.0005,0.06,0,0,0,95.93 
1.55,51.38 ,127,54.938,1.66,48.62,128 ,51.996 ,3.95 ,0,0.00 ,44.63 ,146.500 ,0.287 ,73.6,24.4,0.3,100,80,55,150000,0,0.0005,0.06,0,0,0,96.68 
1.55,51.38 ,127,54.938,1.66,48.62,128 ,51.996 ,3.95 ,0,0.00 ,44.63 ,146.500 ,0.287 ,73.6,24.4,0.3,100,90,55,150000,0,0.0005,0.06,0,0,0,96.47 
1.55,51.38 ,127,54.938,1.66,48.62,128 ,51.996 ,3.95 ,0,0.00 ,44.63 ,146.500 ,0.287 ,73.6,24.4,0.3,100,100,55,150000,0,0.0005,0.06,0,0,0,95.61 
1.55,51.38 ,127,54.938,1.66,48.62,128 ,51.996 ,3.95 ,0,0.00 ,44.63 ,146.500 ,0.287 ,73.6,24.4,0.3,100,110,55,150000,0,0.0005,0.06,0,0,0,95.29 
1.55,51.38 ,127,54.938,1.66,48.62,128 ,51.996 ,3.95 ,0,0.00 ,44.63 ,146.500 ,0.287 ,73.6,24.4,0.3,100,120,55,150000,0,0.0005,0.06,0,0,0,95.50 
1.55,51.38 ,127,54.938,1.66,48.62,128 ,51.996 ,3.95 ,0,0.00 ,44.63 ,146.500 ,0.287 ,73.6,24.4,0.3,100,130,55,150000,0,0,0.06,0,0,0,95.29 
1.55,51.38 ,127,54.938,1.66,48.62,128 ,51.996 ,3.95 ,0,0.00 ,44.63 ,146.500 ,0.287 ,73.6,24.4,0.3,100,140,55,150000,0,0,0.06,0,0,0,94.11 
1.55,51.38 ,127,54.938,1.66,48.62,128 ,51.996 ,3.95 ,0,0.00 ,44.63 ,146.500 ,0.287 ,73.6,24.4,0.3,100,150,55,150000,0,0,0.06,0,0,0,93.15 
1.55,51.38 ,127,54.938,1.66,48.62,128 ,51.996 ,3.95 ,0,0.00 ,44.63 ,146.500 ,0.287 ,73.6,24.4,0.3,100,160,55,150000,0,0,0.06,0,0,0,93.25 
1.55,51.38 ,127,54.938,1.66,48.62,128 ,51.996 ,3.95 ,0,0.00 ,44.63 ,146.500 ,0.287 ,73.6,24.4,0.3,100,170,55,150000,0,0,0.06,0,0,0,93.79 
1.55,51.38 ,127,54.938,1.66,48.62,128 ,51.996 ,3.95 ,0,0.00 ,44.63 ,146.500 ,0.287 ,73.6,24.4,0.3,100,180,55,150000,0,0,0.06,0,0,0,93.58 
1.55,51.38 ,127,54.938,1.66,48.62,128 ,51.996 ,3.95 ,0,0.00 ,44.63 ,146.500 ,0.287 ,73.6,24.4,0.3,120,10,55,150000,0,0,0.06,0,0,0,89.40 
1.55,51.38 ,127,54.938,1.66,48.62,128 ,51.996 ,3.95 ,0,0.00 ,44.63 ,146.500 ,0.287 ,73.6,24.4,0.3,120,20,55,150000,0,0,0.06,0,0,0,96.25 
1.55,51.38 ,127,54.938,1.66,48.62,128 ,51.996 ,3.95 ,0,0.00 ,44.63 ,146.500 ,0.287 ,73.6,24.4,0.3,120,30,55,150000,0,0,0.06,0,0,0,97.11 
1.55,51.38 ,127,54.938,1.66,48.62,128 ,51.996 ,3.95 ,0,0.00 ,44.63 ,146.500 ,0.287 ,73.6,24.4,0.3,120,40,55,150000,0,0,0.06,0,0,0,97.00 
1.55,51.38 ,127,54.938,1.66,48.62,128 ,51.996 ,3.95 ,0,0.00 ,44.63 ,146.500 ,0.287 ,73.6,24.4,0.3,120,50,55,150000,0,0,0.06,0,0,0,96.57 
1.55,51.38 ,127,54.938,1.66,48.62,128 ,51.996 ,3.95 ,0,0.00 ,44.63 ,146.500 ,0.287 ,73.6,24.4,0.3,120,60,55,150000,0,0,0.06,0,0,0,95.93 
1.55,51.38 ,127,54.938,1.66,48.62,128 ,51.996 ,3.95 ,0,0.00 ,44.63 ,146.500 ,0.287 ,73.6,24.4,0.3,120,70,55,150000,0,0.0005,0.06,0,0,0,95.82 
1.55,51.38 ,127,54.938,1.66,48.62,128 ,51.996 ,3.95 ,0,0.00 ,44.63 ,146.500 ,0.287 ,73.6,24.4,0.3,120,80,55,150000,0,0.0005,0.06,0,0,0,95.82 
1.55,51.38 ,127,54.938,1.66,48.62,128 ,51.996 ,3.95 ,0,0.00 ,44.63 ,146.500 ,0.287 ,73.6,24.4,0.3,120,90,55,150000,0,0.0005,0.06,0,0,0,95.61 
1.55,51.38 ,127,54.938,1.66,48.62,128 ,51.996 ,3.95 ,0,0.00 ,44.63 ,146.500 ,0.287 ,73.6,24.4,0.3,120,100,55,150000,0,0.0005,0.06,0,0,0,95.82 
1.55,51.38 ,127,54.938,1.66,48.62,128 ,51.996 ,3.95 ,0,0.00 ,44.63 ,146.500 ,0.287 ,73.6,24.4,0.3,120,110,55,150000,0,0.0005,0.06,0,0,0,95.72 
1.55,51.38 ,127,54.938,1.66,48.62,128 ,51.996 ,3.95 ,0,0.00 ,44.63 ,146.500 ,0.287 ,73.6,24.4,0.3,120,120,55,150000,0,0.0005,0.06,0,0,0,95.72 
1.55,51.38 ,127,54.938,1.66,48.62,128 ,51.996 ,3.95 ,0,0.00 ,44.63 ,146.500 ,0.287 ,73.6,24.4,0.3,120,130,55,150000,0,0,0.06,0,0,0,95.61 
1.55,51.38 ,127,54.938,1.66,48.62,128 ,51.996 ,3.95 ,0,0.00 ,44.63 ,146.500 ,0.287 ,73.6,24.4,0.3,120,140,55,150000,0,0,0.06,0,0,0,95.72 
1.55,51.38 ,127,54.938,1.66,48.62,128 ,51.996 ,3.95 ,0,0.00 ,44.63 ,146.500 ,0.287 ,73.6,24.4,0.3,120,150,55,150000,0,0,0.06,0,0,0,95.93 
1.55,51.38 ,127,54.938,1.66,48.62,128 ,51.996 ,3.95 ,0,0.00 ,44.63 ,146.500 ,0.287 ,73.6,24.4,0.3,120,160,55,150000,0,0,0.06,0,0,0,95.40 
1.55,51.38 ,127,54.938,1.66,48.62,128 ,51.996 ,3.95 ,0,0.00 ,44.63 ,146.500 ,0.287 ,73.6,24.4,0.3,120,170,55,150000,0,0,0.06,0,0,0,95.29 
1.55,51.38 ,127,54.938,1.66,48.62,128 ,51.996 ,3.95 ,0,0.00 ,44.63 ,146.500 ,0.287 ,73.6,24.4,0.3,120,180,55,150000,0,0,0.06,0,0,0,95.07 
1.55,51.38 ,127,54.938,1.66,48.62,128 ,51.996 ,3.95 ,0,0.00 ,44.63 ,146.500 ,0.287 ,73.6,24.4,0.3,150,10,55,150000,0,0,0.06,0,0,0,92.83 
1.55,51.38 ,127,54.938,1.66,48.62,128 ,51.996 ,3.95 ,0,0.00 ,44.63 ,146.500 ,0.287 ,73.6,24.4,0.3,150,20,55,150000,0,0,0.06,0,0,0,96.15 
1.55,51.38 ,127,54.938,1.66,48.62,128 ,51.996 ,3.95 ,0,0.00 ,44.63 ,146.500 ,0.287 ,73.6,24.4,0.3,150,30,55,150000,0,0,0.06,0,0,0,96.79 
1.55,51.38 ,127,54.938,1.66,48.62,128 ,51.996 ,3.95 ,0,0.00 ,44.63 ,146.500 ,0.287 ,73.6,24.4,0.3,150,40,55,150000,0,0,0.06,0,0,0,96.79 
1.55,51.38 ,127,54.938,1.66,48.62,128 ,51.996 ,3.95 ,0,0.00 ,44.63 ,146.500 ,0.287 ,73.6,24.4,0.3,150,50,55,150000,0,0,0.06,0,0,0,96.47 
1.55,51.38 ,127,54.938,1.66,48.62,128 ,51.996 ,3.95 ,0,0.00 ,44.63 ,146.500 ,0.287 ,73.6,24.4,0.3,150,60,55,150000,0,0,0.06,0,0,0,95.72 
1.55,51.38 ,127,54.938,1.66,48.62,128 ,51.996 ,3.95 ,0,0.00 ,44.63 ,146.500 ,0.287 ,73.6,24.4,0.3,150,70,55,150000,0,0.0005,0.06,0,0,0,95.29 
1.55,51.38 ,127,54.938,1.66,48.62,128 ,51.996 ,3.95 ,0,0.00 ,44.63 ,146.500 ,0.287 ,73.6,24.4,0.3,150,80,55,150000,0,0.0005,0.06,0,0,0,94.97 
1.55,51.38 ,127,54.938,1.66,48.62,128 ,51.996 ,3.95 ,0,0.00 ,44.63 ,146.500 ,0.287 ,73.6,24.4,0.3,150,90,55,150000,0,0.0005,0.06,0,0,0,94.33 
1.55,51.38 ,127,54.938,1.66,48.62,128 ,51.996 ,3.95 ,0,0.00 ,44.63 ,146.500 ,0.287 ,73.6,24.4,0.3,150,100,55,150000,0,0.0005,0.06,0,0,0,92.72 
1.55,51.38 ,127,54.938,1.66,48.62,128 ,51.996 ,3.95 ,0,0.00 ,44.63 ,146.500 ,0.287 ,73.6,24.4,0.3,150,110,55,150000,0,0.0005,0.06,0,0,0,92.29 
1.55,51.38 ,127,54.938,1.66,48.62,128 ,51.996 ,3.95 ,0,0.00 ,44.63 ,146.500 ,0.287 ,73.6,24.4,0.3,150,120,55,150000,0,0.0005,0.06,0,0,0,91.22 
1.55,51.38 ,127,54.938,1.66,48.62,128 ,51.996 ,3.95 ,0,0.00 ,44.63 ,146.500 ,0.287 ,73.6,24.4,0.3,150,130,55,150000,0,0,0.06,0,0,0,90.69 
1.55,51.38 ,127,54.938,1.66,48.62,128 ,51.996 ,3.95 ,0,0.00 ,44.63 ,146.500 ,0.287 ,73.6,24.4,0.3,150,140,55,150000,0,0,0.06,0,0,0,89.61 
1.55,51.38 ,127,54.938,1.66,48.62,128 ,51.996 ,3.95 ,0,0.00 ,44.63 ,146.500 ,0.287 ,73.6,24.4,0.3,150,150,55,150000,0,0,0.06,0,0,0,88.97 
1.55,51.38 ,127,54.938,1.66,48.62,128 ,51.996 ,3.95 ,0,0.00 ,44.63 ,146.500 ,0.287 ,73.6,24.4,0.3,150,160,55,150000,0,0,0.06,0,0,0,87.90 
1.55,51.38 ,127,54.938,1.66,48.62,128 ,51.996 ,3.95 ,0,0.00 ,44.63 ,146.500 ,0.287 ,73.6,24.4,0.3,150,170,55,150000,0,0,0.06,0,0,0,86.62 
1.55,51.38 ,127,54.938,1.66,48.62,128 ,51.996 ,3.95 ,0,0.00 ,44.63 ,146.500 ,0.287 ,73.6,24.4,0.3,150,180,55,150000,0,0,0.06,0,0,0,86.08 
1.55,51.38 ,127,54.938,1.66,48.62,128 ,51.996 ,3.95 ,0,0.00 ,44.63 ,146.500 ,0.287 ,73.6,24.4,0.3,200,10,55,150000,0,0,0.06,0,0,0,92.08 
1.55,51.38 ,127,54.938,1.66,48.62,128 ,51.996 ,3.95 ,0,0.00 ,44.63 ,146.500 ,0.287 ,73.6,24.4,0.3,200,20,55,150000,0,0,0.06,0,0,0,95.18 
1.55,51.38 ,127,54.938,1.66,48.62,128 ,51.996 ,3.95 ,0,0.00 ,44.63 ,146.500 ,0.287 ,73.6,24.4,0.3,200,30,55,150000,0,0,0.06,0,0,0,94.65 
1.55,51.38 ,127,54.938,1.66,48.62,128 ,51.996 ,3.95 ,0,0.00 ,44.63 ,146.500 ,0.287 ,73.6,24.4,0.3,200,40,55,150000,0,0,0.06,0,0,0,89.94 
1.55,51.38 ,127,54.938,1.66,48.62,128 ,51.996 ,3.95 ,0,0.00 ,44.63 ,146.500 ,0.287 ,73.6,24.4,0.3,200,50,55,150000,0,0,0.06,0,0,0,86.08 
1.55,51.38 ,127,54.938,1.66,48.62,128 ,51.996 ,3.95 ,0,0.00 ,44.63 ,146.500 ,0.287 ,73.6,24.4,0.3,200,60,55,150000,0,0,0.06,0,0,0,81.91 
1.55,51.38 ,127,54.938,1.66,48.62,128 ,51.996 ,3.95 ,0,0.00 ,44.63 ,146.500 ,0.287 ,73.6,24.4,0.3,200,70,55,150000,0,0.0005,0.06,0,0,0,74.09 
1.55,51.38 ,127,54.938,1.66,48.62,128 ,51.996 ,3.95 ,0,0.00 ,44.63 ,146.500 ,0.287 ,73.6,24.4,0.3,200,80,55,150000,0,0.0005,0.06,0,0,0,67.24 
1.55,51.38 ,127,54.938,1.66,48.62,128 ,51.996 ,3.95 ,0,0.00 ,44.63 ,146.500 ,0.287 ,73.6,24.4,0.3,200,90,55,150000,0,0.0005,0.06,0,0,0,60.60 
1.55,51.38 ,127,54.938,1.66,48.62,128 ,51.996 ,3.95 ,0,0.00 ,44.63 ,146.500 ,0.287 ,73.6,24.4,0.3,200,100,55,150000,0,0.0005,0.06,0,0,0,56.10 
1.55,51.38 ,127,54.938,1.66,48.62,128 ,51.996 ,3.95 ,0,0.00 ,44.63 ,146.500 ,0.287 ,73.6,24.4,0.3,200,110,55,150000,0,0.0005,0.06,0,0,0,50.43 
1.55,51.38 ,127,54.938,1.66,48.62,128 ,51.996 ,3.95 ,0,0.00 ,44.63 ,146.500 ,0.287 ,73.6,24.4,0.3,200,120,55,150000,0,0.0005,0.06,0,0,0,44.11 
1.55,51.38 ,127,54.938,1.66,48.62,128 ,51.996 ,3.95 ,0,0.00 ,44.63 ,146.500 ,0.287 ,73.6,24.4,0.3,200,130,55,150000,0,0,0.06,0,0,0,34.37 
1.55,51.38 ,127,54.938,1.66,48.62,128 ,51.996 ,3.95 ,0,0.00 ,44.63 ,146.500 ,0.287 ,73.6,24.4,0.3,200,140,55,150000,0,0,0.06,0,0,0,27.84 
1.55,51.38 ,127,54.938,1.66,48.62,128 ,51.996 ,3.95 ,0,0.00 ,44.63 ,146.500 ,0.287 ,73.6,24.4,0.3,200,150,55,150000,0,0,0.06,0,0,0,22.27 
1.55,51.38 ,127,54.938,1.66,48.62,128 ,51.996 ,3.95 ,0,0.00 ,44.63 ,146.500 ,0.287 ,73.6,24.4,0.3,200,160,55,150000,0,0,0.06,0,0,0,16.06 
1.55,51.38 ,127,54.938,1.66,48.62,128 ,51.996 ,3.95 ,0,0.00 ,44.63 ,146.500 ,0.287 ,73.6,24.4,0.3,200,170,55,150000,0,0,0.06,0,0,0,10.81 
1.55,51.38 ,127,54.938,1.66,48.62,128 ,51.996 ,3.95 ,0,0.00 ,44.63 ,146.500 ,0.287 ,73.6,24.4,0.3,200,180,55,150000,0,0,0.06,0,0,0,4.39 
1.55,79.74 ,127,54.938,1.83,20.26,126 ,55.845 ,2.80 ,0,0.00 ,45.36 ,32.900 ,0.240 ,78.9,21.1,0.1,150,10,30,145000,0,0,0.05,0,0,0,81.66 
1.55,79.74 ,127,54.938,1.83,20.26,126 ,55.845 ,2.80 ,0,0.00 ,45.36 ,32.900 ,0.240 ,78.9,21.1,0.1,150,20,30,145000,0,0,0.05,0,0,0,83.90 
1.55,79.74 ,127,54.938,1.83,20.26,126 ,55.845 ,2.80 ,0,0.00 ,45.36 ,32.900 ,0.240 ,78.9,21.1,0.1,150,30,30,145000,0,0,0.05,0,0,0,86.36 
1.55,79.74 ,127,54.938,1.83,20.26,126 ,55.845 ,2.80 ,0,0.00 ,45.36 ,32.900 ,0.240 ,78.9,21.1,0.1,150,40,30,145000,0,0,0.05,0,0,0,87.04 
1.55,79.74 ,127,54.938,1.83,20.26,126 ,55.845 ,2.80 ,0,0.00 ,45.36 ,32.900 ,0.240 ,78.9,21.1,0.1,150,50,30,145000,0,0,0.05,0,0,0,86.38 
1.55,79.74 ,127,54.938,1.83,20.26,126 ,55.845 ,2.80 ,0,0.00 ,45.36 ,32.900 ,0.240 ,78.9,21.1,0.1,150,60,30,145000,0,0,0.05,0,0,0,85.28 
1.55,79.74 ,127,54.938,1.83,20.26,126 ,55.845 ,2.80 ,0,0.00 ,45.36 ,32.900 ,0.240 ,78.9,21.1,0.1,150,70,30,145000,0,0,0.05,0,0,0,85.29 
1.55,79.74 ,127,54.938,1.83,20.26,126 ,55.845 ,2.80 ,0,0.00 ,45.36 ,32.900 ,0.240 ,78.9,21.1,0.1,150,80,30,145000,0,0,0.05,0,0,0,84.30 
1.55,79.74 ,127,54.938,1.83,20.26,126 ,55.845 ,2.80 ,0,0.00 ,45.36 ,32.900 ,0.240 ,78.9,21.1,0.1,150,90,30,145000,0,0,0.05,0,0,0,84.53 
1.55,79.74 ,127,54.938,1.83,20.26,126 ,55.845 ,2.80 ,0,0.00 ,45.36 ,32.900 ,0.240 ,78.9,21.1,0.1,150,100,30,145000,0,0,0.05,0,0,0,83.99 
1.55,64.52 ,127,54.938,1.83,16.4,126 ,55.845 ,2.70 ,1.22,19.08 ,74.15 ,19.990 ,0.300 ,65.8,34.2,0.1,100,10,30,145000,0,0,0.05,0,0,0,83.54 
1.55,64.52 ,127,54.938,1.83,16.4,126 ,55.845 ,2.70 ,1.22,19.08 ,74.15 ,19.990 ,0.300 ,65.8,34.2,0.1,100,20,30,145000,0,0,0.05,0,0,0,85.75 
1.55,64.52 ,127,54.938,1.83,16.4,126 ,55.845 ,2.70 ,1.22,19.08 ,74.15 ,19.990 ,0.300 ,65.8,34.2,0.1,100,30,30,145000,0,0,0.05,0,0,0,86.08 
1.55,64.52 ,127,54.938,1.83,16.4,126 ,55.845 ,2.70 ,1.22,19.08 ,74.15 ,19.990 ,0.300 ,65.8,34.2,0.1,100,40,30,145000,0,0,0.05,0,0,0,85.52 
1.55,64.52 ,127,54.938,1.83,16.4,126 ,55.845 ,2.70 ,1.22,19.08 ,74.15 ,19.990 ,0.300 ,65.8,34.2,0.1,100,50,30,145000,0,0,0.05,0,0,0,85.75 
1.55,64.52 ,127,54.938,1.83,16.4,126 ,55.845 ,2.70 ,1.22,19.08 ,74.15 ,19.990 ,0.300 ,65.8,34.2,0.1,100,60,30,145000,0,0,0.05,0,0,0,84.97 
1.55,64.52 ,127,54.938,1.83,16.4,126 ,55.845 ,2.70 ,1.22,19.08 ,74.15 ,19.990 ,0.300 ,65.8,34.2,0.1,100,70,30,145000,0,0,0.05,0,0,0,85.52 
1.55,64.52 ,127,54.938,1.83,16.4,126 ,55.845 ,2.70 ,1.22,19.08 ,74.15 ,19.990 ,0.300 ,65.8,34.2,0.1,100,80,30,145000,0,0,0.05,0,0,0,85.19 
1.55,64.52 ,127,54.938,1.83,16.4,126 ,55.845 ,2.70 ,1.22,19.08 ,74.15 ,19.990 ,0.300 ,65.8,34.2,0.1,100,90,30,145000,0,0,0.05,0,0,0,85.75 
1.55,64.52 ,127,54.938,1.83,16.4,126 ,55.845 ,2.70 ,1.22,19.08 ,74.15 ,19.990 ,0.300 ,65.8,34.2,0.1,100,100,30,145000,0,0,0.05,0,0,0,85.52 
1.55,64.52 ,127,54.938,1.83,16.4,126 ,55.845 ,2.70 ,1.22,19.08 ,74.15 ,19.990 ,0.300 ,65.8,34.2,0.1,150,10,30,145000,0,0,0.05,0,0,0,89.39 
1.55,64.52 ,127,54.938,1.83,16.4,126 ,55.845 ,2.70 ,1.22,19.08 ,74.15 ,19.990 ,0.300 ,65.8,34.2,0.1,150,20,30,145000,0,0,0.05,0,0,0,89.50 
1.55,64.52 ,127,54.938,1.83,16.4,126 ,55.845 ,2.70 ,1.22,19.08 ,74.15 ,19.990 ,0.300 ,65.8,34.2,0.1,150,30,30,145000,0,0,0.05,0,0,0,90.17 
1.55,64.52 ,127,54.938,1.83,16.4,126 ,55.845 ,2.70 ,1.22,19.08 ,74.15 ,19.990 ,0.300 ,65.8,34.2,0.1,150,40,30,145000,0,0,0.05,0,0,0,90.17 
1.55,64.52 ,127,54.938,1.83,16.4,126 ,55.845 ,2.70 ,1.22,19.08 ,74.15 ,19.990 ,0.300 ,65.8,34.2,0.1,150,50,30,145000,0,0,0.05,0,0,0,89.94 
1.55,64.52 ,127,54.938,1.83,16.4,126 ,55.845 ,2.70 ,1.22,19.08 ,74.15 ,19.990 ,0.300 ,65.8,34.2,0.1,150,60,30,145000,0,0,0.05,0,0,0,89.94 
1.55,64.52 ,127,54.938,1.83,16.4,126 ,55.845 ,2.70 ,1.22,19.08 ,74.15 ,19.990 ,0.300 ,65.8,34.2,0.1,150,70,30,145000,0,0,0.05,0,0,0,89.83 
1.55,64.52 ,127,54.938,1.83,16.4,126 ,55.845 ,2.70 ,1.22,19.08 ,74.15 ,19.990 ,0.300 ,65.8,34.2,0.1,150,80,30,145000,0,0,0.05,0,0,0,89.94 
1.55,64.52 ,127,54.938,1.83,16.4,126 ,55.845 ,2.70 ,1.22,19.08 ,74.15 ,19.990 ,0.300 ,65.8,34.2,0.1,150,90,30,145000,0,0,0.05,0,0,0,89.61 
1.55,64.52 ,127,54.938,1.83,16.4,126 ,55.845 ,2.70 ,1.22,19.08 ,74.15 ,19.990 ,0.300 ,65.8,34.2,0.1,150,100,30,145000,0,0,0.05,0,0,0,89.94 
1.55,64.52 ,127,54.938,1.83,16.4,126 ,55.845 ,2.70 ,1.22,19.08 ,74.15 ,19.990 ,0.300 ,65.8,34.2,0.1,200,10,30,145000,0,0,0.05,0,0,0,75.58 
1.55,64.52 ,127,54.938,1.83,16.4,126 ,55.845 ,2.70 ,1.22,19.08 ,74.15 ,19.990 ,0.300 ,65.8,34.2,0.1,200,20,30,145000,0,0,0.05,0,0,0,84.31 
1.55,64.52 ,127,54.938,1.83,16.4,126 ,55.845 ,2.70 ,1.22,19.08 ,74.15 ,19.990 ,0.300 ,65.8,34.2,0.1,200,30,30,145000,0,0,0.05,0,0,0,82.87 
1.55,64.52 ,127,54.938,1.83,16.4,126 ,55.845 ,2.70 ,1.22,19.08 ,74.15 ,19.990 ,0.300 ,65.8,34.2,0.1,200,40,30,145000,0,0,0.05,0,0,0,81.88 
1.55,64.52 ,127,54.938,1.83,16.4,126 ,55.845 ,2.70 ,1.22,19.08 ,74.15 ,19.990 ,0.300 ,65.8,34.2,0.1,200,50,30,145000,0,0,0.05,0,0,0,81.33 
1.55,64.52 ,127,54.938,1.83,16.4,126 ,55.845 ,2.70 ,1.22,19.08 ,74.15 ,19.990 ,0.300 ,65.8,34.2,0.1,200,60,30,145000,0,0,0.05,0,0,0,81.33 
1.55,64.52 ,127,54.938,1.83,16.4,126 ,55.845 ,2.70 ,1.22,19.08 ,74.15 ,19.990 ,0.300 ,65.8,34.2,0.1,200,70,30,145000,0,0,0.05,0,0,0,80.99 
1.55,64.52 ,127,54.938,1.83,16.4,126 ,55.845 ,2.70 ,1.22,19.08 ,74.15 ,19.990 ,0.300 ,65.8,34.2,0.1,200,80,30,145000,0,0,0.05,0,0,0,82.65 
1.55,64.52 ,127,54.938,1.83,16.4,126 ,55.845 ,2.70 ,1.22,19.08 ,74.15 ,19.990 ,0.300 ,65.8,34.2,0.1,200,90,30,145000,0,0,0.05,0,0,0,81.99 
1.55,64.52 ,127,54.938,1.83,16.4,126 ,55.845 ,2.70 ,1.22,19.08 ,74.15 ,19.990 ,0.300 ,65.8,34.2,0.1,200,100,30,145000,0,0,0.05,0,0,0,81.88 
1.55,64.52 ,127,54.938,1.83,16.4,126 ,55.845 ,2.70 ,1.22,19.08 ,74.15 ,19.990 ,0.300 ,65.8,34.2,0.1,250,10,30,145000,0,0,0.05,0,0,0,57.68 
1.55,64.52 ,127,54.938,1.83,16.4,126 ,55.845 ,2.70 ,1.22,19.08 ,74.15 ,19.990 ,0.300 ,65.8,34.2,0.1,250,20,30,145000,0,0,0.05,0,0,0,65.75 
1.55,64.52 ,127,54.938,1.83,16.4,126 ,55.845 ,2.70 ,1.22,19.08 ,74.15 ,19.990 ,0.300 ,65.8,34.2,0.1,250,30,30,145000,0,0,0.05,0,0,0,70.83 
1.55,64.52 ,127,54.938,1.83,16.4,126 ,55.845 ,2.70 ,1.22,19.08 ,74.15 ,19.990 ,0.300 ,65.8,34.2,0.1,250,40,30,145000,0,0,0.05,0,0,0,73.81 
1.55,64.52 ,127,54.938,1.83,16.4,126 ,55.845 ,2.70 ,1.22,19.08 ,74.15 ,19.990 ,0.300 ,65.8,34.2,0.1,250,50,30,145000,0,0,0.05,0,0,0,74.36 
1.55,64.52 ,127,54.938,1.83,16.4,126 ,55.845 ,2.70 ,1.22,19.08 ,74.15 ,19.990 ,0.300 ,65.8,34.2,0.1,250,60,30,145000,0,0,0.05,0,0,0,73.15 
1.55,64.52 ,127,54.938,1.83,16.4,126 ,55.845 ,2.70 ,1.22,19.08 ,74.15 ,19.990 ,0.300 ,65.8,34.2,0.1,250,70,30,145000,0,0,0.05,0,0,0,73.26 
1.55,64.52 ,127,54.938,1.83,16.4,126 ,55.845 ,2.70 ,1.22,19.08 ,74.15 ,19.990 ,0.300 ,65.8,34.2,0.1,250,80,30,145000,0,0,0.05,0,0,0,74.48 
1.55,64.52 ,127,54.938,1.83,16.4,126 ,55.845 ,2.70 ,1.22,19.08 ,74.15 ,19.990 ,0.300 ,65.8,34.2,0.1,250,90,30,145000,0,0,0.05,0,0,0,74.14 
1.55,64.52 ,127,54.938,1.83,16.4,126 ,55.845 ,2.70 ,1.22,19.08 ,74.15 ,19.990 ,0.300 ,65.8,34.2,0.1,250,100,30,145000,0,0,0.05,0,0,0,74.03 
